dataset_scope,group,alpha,n,median_normalized_mountain_objective,q1_normalized_mountain_objective,q3_normalized_mountain_objective,median_normalized_centroid_gain,q1_normalized_centroid_gain,q3_normalized_centroid_gain,median_base_pair_f1,q1_base_pair_f1,q3_base_pair_f1,median_normalized_squared_mountain_distance,q1_normalized_squared_mountain_distance,q3_normalized_squared_mountain_distance,median_predicted_pair_count,q1_predicted_pair_count,q3_predicted_pair_count,median_median_selected_pair_bpp,q1_median_selected_pair_bpp,q3_median_selected_pair_bpp,median_fraction_selected_pair_bpp_below_0.01,q1_fraction_selected_pair_bpp_below_0.01,q3_fraction_selected_pair_bpp_below_0.01,median_hybrid_seconds,q1_hybrid_seconds,q3_hybrid_seconds,fraction_records_with_any_selected_pair_bpp_below_0.01
all,all_families,0.0,21254,0.00011197883375821583,7.812018426022156e-05,0.0001718281986752966,0.2446553647225776,0.03303500488992389,0.42592620331427855,0.5531914893617021,0.35294117647058826,0.7428571428571429,0.005683668334270744,0.0017152433072620031,0.020030606110291303,28.0,22.0,34.0,0.9083996163761394,0.7022261554304019,0.9676867630865935,0.13636363636363635,0.029777227722772276,0.3103448275862069,0.014060655,0.0031273925,0.018195186000000002,0.7920861955396631
all,all_families,9.999000099990002e-05,21254,0.00011351511362508331,7.957092715026898e-05,0.00017305363320750018,0.2834793893231717,0.07149410384247551,0.45419952713617906,0.5714285714285714,0.36666666666666664,0.7605633802816901,0.005718454269380438,0.0017097104409957216,0.020070092660220792,28.0,22.0,35.0,0.9136128706155378,0.7497469444110042,0.9683329878665274,0.1,0.0,0.2727272727272727,0.013340177,0.002892866,0.017368694,0.7089489037357674
all,all_families,0.0002999100269919024,21254,0.00012049220412688,8.337616939586877e-05,0.00017955049010493526,0.3190822542935184,0.11184073013965662,0.46392748936101263,0.5853658536585366,0.38235294117647056,0.7692307692307693,0.0057418869463720205,0.0017033037665509705,0.020159869936322992,27.0,22.0,35.0,0.9136128706155378,0.7772890654298715,0.9686509472234872,0.05714285714285714,0.0,0.21875,0.0133038275,0.0028846565,0.01732613275,0.6348922555754211
all,all_families,0.0009990009990009992,21254,0.00014134103097975133,9.224551896052526e-05,0.0002076517867771277,0.35917030767968033,0.1733880720303136,0.4779440956094666,0.6153846153846154,0.410958904109589,0.7887323943661971,0.005802888263256051,0.0016989438110411193,0.020199405814733815,27.0,22.0,35.0,0.9141704318730933,0.7951129236107434,0.9681474214626711,0.02702702702702703,0.0,0.13636363636363635,0.0132950885,0.0028862824999999997,0.0173276925,0.5110096922932154
all,all_families,0.0029910269192422734,21254,0.00017936837693360803,0.00010436103876432482,0.0002866793770255159,0.3812794251939421,0.22753019762561616,0.4850547697461434,0.6486486486486487,0.4411764705882353,0.8059701492537313,0.005820700337869946,0.0016972147503111642,0.020573695272490453,28.0,22.0,35.0,0.9139471864315118,0.7983166264994898,0.9680407641237178,0.0,0.0,0.05,0.013283897499999999,0.0028904539999999998,0.01731806525,0.3620965465324174
all,all_families,0.009900990099009901,21254,0.00024705441312173774,0.0001346482371898912,0.00045657923076530176,0.39460918449011795,0.26521735977198857,0.49097121584703485,0.6666666666666666,0.46808510638297873,0.819672131147541,0.005934155263514429,0.0017385192994137121,0.02118648624959056,28.0,22.0,35.0,0.9106984667113873,0.796403489794363,0.9671509739501278,0.0,0.0,0.0,0.013295524,0.0028944867500000004,0.017323095,0.18791756845770208
all,all_families,0.029126213592233007,21254,0.0003523667430377497,0.00016565363482180012,0.0007371556640714819,0.40233856422921005,0.28261899291609516,0.49340219441344013,0.6923076923076923,0.47767798177255316,0.8297872340425532,0.005913356472554313,0.001711367045281847,0.0217388819871114,28.0,23.0,35.0,0.9095427300609932,0.7904882948668068,0.9668435849439266,0.0,0.0,0.0,0.0132793995,0.0028962525,0.017343974499999998,0.07283334901665568
all,all_families,0.09090909090909091,21254,0.0005422914621753335,0.00021422876489434798,0.0013404539256456464,0.4067361467360079,0.29447803947387285,0.49537639324478716,0.7058823529411765,0.4864864864864865,0.8363636363636363,0.005939988433080254,0.0016489211951070154,0.02236758202041369,28.0,23.0,35.0,0.9116098041090208,0.7933244933738017,0.9672134914233351,0.0,0.0,0.0,0.013300371,0.00289662975,0.017317054,0.013456290580596594
all,all_families,0.23076923076923075,21254,0.0007654998931608741,0.0002470062758661808,0.0022424431991428296,0.40912104914296377,0.30083800351350515,0.49576598649280973,0.7142857142857143,0.4888888888888889,0.84,0.00609771256681744,0.0017169414759776206,0.022252173990163094,28.0,22.0,35.0,0.9138874244746885,0.8002993273436699,0.9679072758518009,0.0,0.0,0.0,0.0132804315,0.0028897142499999997,0.01730688525,9.409993413004611e-05
all,all_families,0.5,21254,0.0010324003178466207,0.0002814411364154715,0.003533243309570422,0.40990315163761143,0.3047826047954616,0.49618711307925234,0.7164179104477612,0.4918032786885246,0.8421052631578947,0.006640432857845549,0.0018765569145175465,0.02246304893106381,27.0,22.0,35.0,0.9172367777501449,0.8088539249561009,0.9697162407966342,0.0,0.0,0.0,0.013287337,0.002886958,0.01726482025,0.0
all,all_families,0.75,21254,0.001134790554784757,0.00030777901812865504,0.00452414456720063,0.4102015554857157,0.3059042154193132,0.4962086255638539,0.7164179104477612,0.49230769230769234,0.8405797101449275,0.0070311313585001865,0.0018896180914717885,0.023138012810740634,27.0,22.0,35.0,0.9219626471936138,0.8158656880784887,0.9711821097039054,0.0,0.0,0.0,0.013278624,0.00288451475,0.017267669,0.0
all,all_families,0.9090909090909091,21254,0.0011919311421328708,0.00030792380353973555,0.0051479054294296615,0.4102015554857157,0.3060118747488717,0.49621842749605466,0.7164179104477612,0.49230769230769234,0.84,0.007252597614043397,0.0019419073479799227,0.023648408565731048,26.0,22.0,35.0,0.9238397130372259,0.8219737844483571,0.9720867048036895,0.0,0.0,0.0,0.0132921995,0.0028791349999999997,0.017258922750000003,0.0
all,all_families,1.0,21254,0.0012270393172005656,0.00030792380353973555,0.0054554539829143565,0.4102015554857157,0.3060122545772196,0.49621842749605466,0.7164179104477612,0.4918032786885246,0.8405797101449275,0.007341404931766378,0.0019616876602850807,0.02391623474764016,26.0,21.0,35.0,0.9245672050824534,0.8256770415506445,0.9726853670372253,0.0,0.0,0.0,0.013275314,0.0028758940000000004,0.01722844175,0.0
all,16S_rRNA,0.0,182,1.9941944686240917e-05,1.8001197958189686e-05,2.6595836455316522e-05,0.0972555571717922,0.024977796135038192,0.2616376990855392,0.4520547945205479,0.3919463087248322,0.6072113540467972,0.0025850871723352995,0.001701747409197991,0.01332886756666286,69.0,64.0,76.0,0.8136946196570999,0.7307246302377259,0.9208072164917569,0.23705004389815626,0.1160655737704918,0.391304347826087,0.584188462,0.47042973725000004,0.6701245475000001,0.967032967032967
all,16S_rRNA,9.999000099990002e-05,182,2.433732025207337e-05,2.0344312698386685e-05,3.245059510599074e-05,0.2308343800046138,0.14467172793330108,0.3477459535057061,0.5416666666666666,0.4643674403399804,0.6801387221555288,0.0025445988299673664,0.0017822626585711108,0.013347868028237979,67.0,64.0,76.0,0.8605896601861216,0.8406092416318987,0.9255337497516288,0.09933574879227053,0.039473684210526314,0.22388059701492538,0.578529622,0.4766916845,0.66728278075,0.9175824175824175
all,16S_rRNA,0.0002999100269919024,182,3.734584284546436e-05,2.4854150983673842e-05,4.1362399151587916e-05,0.2753215297623357,0.23975399183768945,0.37130975040667524,0.625,0.5034251462822892,0.6973684210526315,0.0025166959091394644,0.0017474448867011217,0.013280634845793157,68.0,64.0,76.0,0.860406931034549,0.836355415973731,0.9255254253777895,0.04838709677419355,0.01355979266938171,0.08712121212121213,0.5729313225,0.46424562150000004,0.668801744,0.8296703296703297
all,16S_rRNA,0.0009990009990009992,182,5.467751585166616e-05,3.2851834881814305e-05,6.113639006835998e-05,0.31258986089258844,0.2707553552179257,0.3864477281942038,0.6164383561643836,0.5110964227056043,0.7088206627680311,0.002492571848937885,0.001752565354233944,0.013303553945338798,69.0,65.0,77.0,0.8574194555447658,0.8356620077908914,0.925288427547173,0.014492753623188406,0.0,0.03825692379909247,0.5816564205,0.46729921,0.659607381,0.6813186813186813
all,16S_rRNA,0.0029910269192422734,182,7.31859271041906e-05,5.3536670214300105e-05,9.209003283124913e-05,0.32203531854951445,0.2845197822584415,0.39916049129870906,0.6486486486486487,0.5550904977375566,0.7272727272727273,0.0025845270113398324,0.0016889632971282364,0.01339370799519448,71.0,66.0,77.75,0.856124908548483,0.8304801712337152,0.9245462808257224,0.0,0.0,0.014084507042253521,0.5745016304999999,0.45426533375,0.65504534075,0.46153846153846156
all,16S_rRNA,0.009900990099009901,182,0.00012825758748764125,8.050998996398893e-05,0.00017172099092869645,0.3337962063138358,0.2938238416507568,0.40179520778020983,0.6621621621621622,0.5677244582043344,0.7345118649466476,0.0025404350023392713,0.0015908711105399004,0.013155984842903038,71.0,66.0,79.0,0.8515725910212448,0.826488788654463,0.9246748412645871,0.0,0.0,0.0,0.5730786354999999,0.468794912,0.6408008755,0.15934065934065933
all,16S_rRNA,0.029126213592233007,182,0.0002613940350498751,0.00012427590174258427,0.0003062915340022789,0.34153857372942753,0.2991700159238528,0.40669054351745143,0.6754966887417219,0.5834275561298659,0.736,0.0024214247972142375,0.0016089939110363986,0.01250656220362671,74.0,66.0,78.0,0.8515725910212448,0.815609259043873,0.925176723955837,0.0,0.0,0.0,0.572762813,0.471480623,0.645948491,0.04945054945054945
all,16S_rRNA,0.09090909090909091,182,0.0006686264594290693,0.00023567792499401444,0.0010709621736061158,0.35023627831259285,0.3096130433069026,0.41268472526243194,0.7178104575163399,0.5872602739726027,0.735453237410072,0.0019922032347700225,0.0014582393129840688,0.012267951401913588,76.0,64.0,78.0,0.8608125266004334,0.7987459256905611,0.92535151413449,0.0,0.0,0.0,0.5722428575,0.47404435375,0.64584090125,0.016483516483516484
all,16S_rRNA,0.23076923076923075,182,0.0010582948024099798,0.0003228794036722035,0.0022622064904254027,0.3585719290574261,0.3115010568467351,0.41268472526243194,0.7278338945005611,0.58960690887433,0.7432268988872762,0.00200383053209067,0.0014204137851875232,0.012287298239340353,74.0,64.0,76.0,0.8610779960026682,0.8064219268823667,0.927406986996411,0.0,0.0,0.0,0.571545474,0.4773152265,0.6419256575,0.0
all,16S_rRNA,0.5,182,0.0014065622926548076,0.0004229868930912821,0.0023301839331180203,0.3586241783413576,0.3133516172958725,0.4127105031063598,0.728435941460224,0.5834275561298659,0.7449549162730786,0.002385829670377106,0.0014301962492728369,0.012212497173643004,74.0,63.0,76.0,0.8583446260757537,0.7987459256905611,0.927417163827651,0.0,0.0,0.0,0.5635391665,0.46864573975,0.64389727425,0.0
all,16S_rRNA,0.75,182,0.0015682333929106615,0.0004924752190919772,0.0023301839331180203,0.3586241783413576,0.3143597906625037,0.41278105586852115,0.728435941460224,0.5839114895406285,0.7506033182503771,0.002289688333619682,0.0014301962492728369,0.012287298239340353,74.0,62.0,76.0,0.8610779960026682,0.7987459256905611,0.9288398823564257,0.0,0.0,0.0,0.5629182685,0.46563717875,0.6429647175000001,0.0
all,16S_rRNA,0.9090909090909091,182,0.001708095047329031,0.0004924752190919772,0.002454065149731224,0.3586749464963638,0.3144988842100576,0.41290806060142077,0.7272727272727273,0.5770679132580184,0.7507149110008754,0.002289688333619682,0.0012865583539343754,0.012295140359086264,74.0,62.0,77.0,0.8610779960026682,0.7975377252125075,0.9325735307496592,0.0,0.0,0.0,0.571485168,0.45975302075,0.647750133,0.0
all,16S_rRNA,1.0,182,0.0017608854010971195,0.0004924752190919772,0.0024878700434373536,0.3586749464963638,0.3144988842100576,0.41290806060142077,0.7272727272727273,0.582059000602047,0.7526253454401894,0.002289688333619682,0.0012258248094131133,0.012295140359086264,74.0,61.25,77.0,0.8624631109994689,0.7886535235426485,0.9345690089237922,0.0,0.0,0.0,0.56712184,0.45306640525,0.64205569425,0.0
all,5S_rRNA,0.0,11302,8.954172804461319e-05,6.701935389872761e-05,0.00011591171019788235,0.22089382398102325,-0.01087573442490397,0.417014343098298,0.5245901639344263,0.2898550724637681,0.75,0.004526675712070258,0.0016320759080487113,0.015122373846025168,33.0,30.0,36.0,0.8887743230403796,0.5927869479713204,0.9635138413293801,0.14285714285714285,0.027777777777777776,0.3474080267558528,0.017464088500000002,0.0154068265,0.01941610525,0.7930454786763405
all,5S_rRNA,9.999000099990002e-05,11302,9.082991986970681e-05,6.81276948481038e-05,0.00011808228906700534,0.2736216000916204,0.03162682455731594,0.4522364593832297,0.5573770491803278,0.3,0.7631578947368421,0.0045126920255136385,0.0016320759080487113,0.015102935707140813,33.0,30.0,36.0,0.8990837757657664,0.6817464962885796,0.9644585927888158,0.1,0.0,0.30303030303030304,0.016653123,0.01462888625,0.01856700025,0.6955406122810122
all,5S_rRNA,0.0002999100269919024,11302,9.75482100281186e-05,7.105681417760239e-05,0.00012701803497431848,0.31618850465131454,0.07748336344985034,0.45488049147942583,0.5862068965517241,0.3157894736842105,0.7741935483870968,0.00451078241843876,0.0016320759080487113,0.01518799682972043,33.0,30.0,36.0,0.9012046576809811,0.7335141975576998,0.9649381763818987,0.05714285714285714,0.0,0.2413793103448276,0.0166120155,0.01459005175,0.018524035,0.6098035745885684
all,5S_rRNA,0.0009990009990009992,11302,0.00011361697027492028,7.944698133847633e-05,0.00015681576889327366,0.35608397797267544,0.15376227103079046,0.4686800755259347,0.625,0.34375,0.7887323943661971,0.004530998507529544,0.0016320759080487113,0.015341988765806693,34.0,30.0,37.0,0.9022841815878659,0.7584017137408159,0.9646152589382367,0.0,0.0,0.13793103448275862,0.0166304935,0.014594218749999999,0.01851169375,0.48548929393027784
all,5S_rRNA,0.0029910269192422734,11302,0.00014150984634847297,9.035724179701828e-05,0.00022907375171039526,0.37416850712562144,0.20904140693735002,0.4737726480413007,0.6575342465753424,0.3728813559322034,0.8059701492537313,0.004558125439734524,0.0016109139627826679,0.015495548271641717,34.0,30.0,37.0,0.9012473908618452,0.7653062196326118,0.9646231060989551,0.0,0.0,0.04,0.0166134375,0.01458657525,0.01850828325,0.3489647849938064
all,5S_rRNA,0.009900990099009901,11302,0.00020401848510839704,0.00011463466170615703,0.0003922925452155605,0.384894335291283,0.24208732954622292,0.483217516456096,0.6865671641791045,0.39344262295081966,0.8169014084507042,0.004449255960015071,0.0017364025464011333,0.015959985443940478,34.0,31.0,37.0,0.9001885007483972,0.7641039954907431,0.9649088620203812,0.0,0.0,0.0,0.016623243,0.0146041265,0.01852356975,0.18686958060520262
all,5S_rRNA,0.029126213592233007,11302,0.0002862680705864888,0.0001526515594677178,0.0006626931296395986,0.38958765156108655,0.25950397963400484,0.483217516456096,0.7058823529411765,0.4067796610169492,0.8235294117647058,0.004335326763724692,0.0017840505877455548,0.016837741884929515,34.0,31.0,37.0,0.900063427052934,0.7616587433563116,0.9649088620203812,0.0,0.0,0.0,0.01661799,0.014589744,0.018514062749999997,0.07078393204742524
all,5S_rRNA,0.09090909090909091,11302,0.00043903244935682747,0.00018842903224407841,0.0011996028526721856,0.392979188802435,0.2701901893592739,0.483217516456096,0.7142857142857143,0.4126984126984127,0.8235294117647058,0.004517968067657519,0.0017983185721350537,0.018152242969497367,34.0,31.0,37.0,0.901069705462084,0.7664523752014474,0.9653304109243147,0.0,0.0,0.0,0.016613258,0.01458999775,0.01850673375,0.011148469297469474
all,5S_rRNA,0.23076923076923075,11302,0.000605075764408373,0.0002254764427531671,0.002058443155981166,0.39442114496339375,0.27600991566163546,0.483217516456096,0.7169811320754716,0.41935483870967744,0.8235294117647058,0.004933727189668169,0.0018765569145175465,0.019260269791381675,34.0,30.0,37.0,0.9041803285821066,0.7798619676899087,0.9654658175826586,0.0,0.0,0.0,0.0165850895,0.014572098,0.01847404225,0.0
all,5S_rRNA,0.5,11302,0.0008426751405332009,0.0002523491193066952,0.0031784237314449472,0.39524481888155505,0.27940461482196405,0.483217516456096,0.7142857142857143,0.4230769230769231,0.821917808219178,0.005634731526023168,0.0020301009938731842,0.020545789686642987,34.0,29.0,37.0,0.9105984656981428,0.7921916241328266,0.9668117281113333,0.0,0.0,0.0,0.016563593,0.0145794025,0.01846637075,0.0
all,5S_rRNA,0.75,11302,0.0009723614268940819,0.00028701745459727495,0.004054626414470041,0.39524481888155505,0.2806231824688228,0.483217516456096,0.7142857142857143,0.41827154549831486,0.8214285714285714,0.0061538868955889016,0.0020886362953811814,0.021837244827107347,34.0,29.0,37.0,0.9139471864315118,0.8011045669210132,0.9686298587812872,0.0,0.0,0.0,0.016544323,0.014571477999999999,0.018439868249999998,0.0
all,5S_rRNA,0.9090909090909091,11302,0.001016083012911228,0.0002953552335646113,0.00466662749456244,0.39524481888155505,0.28089528684406145,0.483217516456096,0.7123287671232876,0.417910447761194,0.8214285714285714,0.006461670409407309,0.0021222048141290415,0.02261779689575198,34.0,28.0,37.0,0.9139471864315118,0.8060436099739445,0.9694884601849841,0.0,0.0,0.0,0.016542105,0.01456936975,0.018414570249999998,0.0
all,5S_rRNA,1.0,11302,0.0010466788665822878,0.00029658190942918574,0.0050300745628069805,0.39524481888155505,0.28089528684406145,0.483217516456096,0.7123287671232876,0.41379310344827586,0.819672131147541,0.006719121858173785,0.0021395789589756077,0.023292970419415297,34.0,28.0,37.0,0.9153886944190419,0.8112510874686963,0.9700546055358641,0.0,0.0,0.0,0.016516115499999998,0.01457169725,0.01838835425,0.0
all,RNaseP,0.0,36,2.0983208533356584e-05,1.568678119513535e-05,2.3908315483143792e-05,0.19554524770352924,-0.03957241793689689,0.41489582670401165,0.5007808433107757,0.29457364341085274,0.61203125,0.007579674677853562,0.004866233445422641,0.014087896037801122,70.0,61.75,78.5,0.9453349696836799,0.3045733445597581,0.9854389528203519,0.2053508150248051,0.04383659818442427,0.45372596153846156,0.6268800255,0.409538115,0.925897785,1.0
all,RNaseP,9.999000099990002e-05,36,2.3737469354727203e-05,1.8882769582947827e-05,2.9853115352145503e-05,0.3211268044173553,0.10199131542810885,0.47642734700049255,0.5440932591942249,0.3899280575539569,0.6330532212885154,0.007551139912557103,0.004909322912110725,0.01408456683142099,70.0,61.75,80.0,0.9457553550949309,0.7309006939168841,0.9854205791819384,0.0784313725490196,0.016598360655737707,0.2584292763157895,0.630214265,0.4156059535,0.9703612589999999,0.9444444444444444
all,RNaseP,0.0002999100269919024,36,2.9806635658082048e-05,2.331475281401262e-05,3.702061893909513e-05,0.36525775192458343,0.15508617754595894,0.4878653535340909,0.5400326797385621,0.3990903484427999,0.660455486542443,0.007510883194530541,0.004988003126513365,0.014016249372120093,71.5,62.5,80.25,0.9457553550949309,0.7677563732068409,0.9854185112450254,0.02877846790890269,0.012701804368471036,0.16464646464646465,0.6342975105,0.41783494,0.95063079625,0.8055555555555556
all,RNaseP,0.0009990009990009992,36,4.2395568437557614e-05,2.9895836583508744e-05,5.184779376550247e-05,0.3825827148651718,0.21986387054868395,0.49894599913408877,0.5467625899280576,0.39809782608695654,0.6677215189873418,0.007528516884429168,0.005227043715896395,0.013745558439750089,72.5,66.25,81.25,0.9361643073745973,0.7566200334878995,0.9854001376066118,0.012347560975609757,0.0,0.07799389778794813,0.6468289460000001,0.413203448,0.9273513225,0.5833333333333334
all,RNaseP,0.0029910269192422734,36,5.4419234053105315e-05,4.002190733344515e-05,0.00011717938151281388,0.39377493946052533,0.22839939450155392,0.5038374609569174,0.5665826801045166,0.4041958041958042,0.6756719617435277,0.007444874853554908,0.005269108313117153,0.013766946980617149,73.5,66.5,81.5,0.9358451708364397,0.7567432452369229,0.9844990299226375,0.0,0.0,0.033424908424908424,0.670643358,0.42503701,0.934570065,0.4722222222222222
all,RNaseP,0.009900990099009901,36,0.00010257051684775005,6.922893476729846e-05,0.0002096601418314699,0.4012436997995581,0.234193834038545,0.5050965225448938,0.5751633986928104,0.45112781954887216,0.6687116564417177,0.007252524429265288,0.005357100159909855,0.015146525383945442,76.0,69.0,84.0,0.9353835178306407,0.7680488108578052,0.9834489732228863,0.0,0.0,0.002976190476190476,0.645475605,0.43477060825,0.920588263,0.25
all,RNaseP,0.029126213592233007,36,0.0001958371554257206,9.124138574585852e-05,0.00035394685120400296,0.40537010867087486,0.25076703075971324,0.5050965225448938,0.5751633986928104,0.4393939393939394,0.6761777983562912,0.006804048764552539,0.005199882106608086,0.01430198936250429,75.5,71.5,83.5,0.9353835178306407,0.7556697909642066,0.9834491171171758,0.0,0.0,0.0,0.6451675545,0.4422213895,0.9069916385,0.16666666666666666
all,RNaseP,0.09090909090909091,36,0.00047860749486542954,0.0001312819781823936,0.0007935542241011035,0.4081989714962263,0.2554266734664242,0.5086364447113647,0.5827814569536424,0.4671598625199095,0.6744871794871795,0.006582070600931237,0.005222936983500339,0.012080198561382486,74.5,69.75,82.25,0.9444109909369447,0.7565531460637496,0.9838551183402093,0.0,0.0,0.0,0.6285574705,0.45052558524999997,0.9031094282500001,0.08333333333333333
all,RNaseP,0.23076923076923075,36,0.0007489205117361128,0.00017920229664376532,0.0013606478057916472,0.41083401608293857,0.2564327013790251,0.5086364447113647,0.5827814569536424,0.46939722444847515,0.6774305555555555,0.007216537164493749,0.004661885515519577,0.012080198561382486,72.0,66.75,81.25,0.94604297589647,0.7626386355940882,0.9838551183402093,0.0,0.0,0.0,0.6613863870000001,0.4531790055,0.92288935375,0.05555555555555555
all,RNaseP,0.5,36,0.001169495817975492,0.0003183518053373317,0.0035145597530546802,0.41194412832695965,0.25971175486941517,0.5086364447113647,0.5827814569536424,0.4716632705043301,0.6774305555555555,0.007799835191947967,0.004696253102302537,0.01506295298686057,70.5,62.0,81.25,0.9466812489727852,0.7808575500249352,0.9846184411542038,0.0,0.0,0.0,0.6583098275,0.446025211,0.89731408175,0.0
all,RNaseP,0.75,36,0.0015497317617483737,0.0003284174945871481,0.004849671876071014,0.41199113696294803,0.260120543657279,0.5086364447113647,0.5827814569536424,0.4716632705043301,0.6774305555555555,0.007799835191947967,0.005255460965330612,0.015892715004256455,69.5,62.0,81.25,0.9467824978458788,0.7914943470052339,0.9854001376066118,0.0,0.0,0.0,0.664648122,0.44545440525,0.9152184520000001,0.0
all,RNaseP,0.9090909090909091,36,0.0015497317617483737,0.0003461797171066158,0.005476443066987626,0.41199113696294803,0.2603832863286595,0.5086364447113647,0.5827814569536424,0.4716632705043301,0.6774305555555555,0.007799835191947967,0.005466816655720873,0.014530730285392953,69.5,62.0,81.25,0.9467824978458788,0.7918070057916468,0.9854001376066118,0.0,0.0,0.0,0.6573797219999999,0.438687076,0.94471278925,0.0
all,RNaseP,1.0,36,0.0015497317617483737,0.0003461797171066158,0.005903921755549823,0.41199113696294803,0.2604252895587393,0.5086364447113647,0.5827814569536424,0.4716632705043301,0.6774305555555555,0.008556998881616746,0.005662498716799763,0.014530730285392953,69.5,61.0,81.25,0.9467824978458788,0.8003068655643032,0.9854001376066118,0.0,0.0,0.0,0.674727245,0.45574491300000003,0.92885346975,0.0
all,SRP,0.0,407,2.6743877214230848e-05,1.676497109409162e-05,8.483336560509177e-05,0.3276264573970975,0.08086977377665708,0.4678109549574667,0.5562130177514792,0.2540329427746646,0.6909090909090909,0.006489076659991038,0.0016201656528472986,0.034119993903988205,74.0,34.0,89.0,0.938467494229284,0.8150737603983356,0.9770616484803396,0.1,0.03260869565217391,0.27472527472527475,0.703552595,0.0105175375,1.0506109065,0.8304668304668305
all,SRP,9.999000099990002e-05,407,2.9952158541340355e-05,1.8532640755700317e-05,8.816319246803355e-05,0.3797354905604753,0.16865940472152396,0.5151551987649894,0.5806451612903226,0.2913601207319374,0.7311655096821337,0.006412426208165923,0.0016238578176385784,0.034041024822412,74.0,34.0,89.0,0.9396695452822798,0.8486655517109271,0.9770778065724478,0.047619047619047616,0.0,0.19782608695652176,0.690741296,0.0099166995,1.034342984,0.683046683046683
all,SRP,0.0002999100269919024,407,3.7588579369101746e-05,2.259711101204455e-05,8.961866955222408e-05,0.40849697337034196,0.20194002204667252,0.5233700126107116,0.5955056179775281,0.3042929292929293,0.7564760026298487,0.006412426208165923,0.0015827253723642997,0.034248538434203155,73.0,34.0,89.5,0.9399749144279623,0.8487072151821085,0.9770180123026406,0.012987012987012988,0.0,0.14084507042253522,0.6927404,0.0099730445,0.9964763065,0.6068796068796068
all,SRP,0.0009990009990009992,407,5.7203539513126294e-05,2.9179288780927915e-05,0.00013086327675835953,0.43818884848227563,0.2745519357479155,0.536517090640827,0.6162790697674418,0.32149068322981367,0.7777777777777778,0.006640878622442914,0.001592116586606897,0.03448000638518637,74.0,34.0,89.5,0.9399749144279623,0.8511767002925303,0.9769017205207178,0.0,0.0,0.040270270270270275,0.690809611,0.009870615,0.994691392,0.39803439803439805
all,SRP,0.0029910269192422734,407,7.906215953738303e-05,3.5899089539414237e-05,0.00018769998899935197,0.44252278941962386,0.3298521975478234,0.5381885088619083,0.6268656716417911,0.33519553072625696,0.7809728342723267,0.006508821855435401,0.0016056618929035575,0.03539619803320945,77.0,34.0,90.0,0.9404573517028005,0.851802266815767,0.976876238384855,0.0,0.0,0.0,0.693830616,0.00983774,0.9900055915,0.20884520884520885
all,SRP,0.009900990099009901,407,0.00011382562734841106,4.847048074472169e-05,0.000269237967533096,0.45406889948324713,0.35190966919874717,0.5425318449573306,0.631578947368421,0.3211111111111111,0.7868852459016393,0.006508821855435401,0.001629948998370051,0.03473168045806605,77.0,34.0,91.0,0.938467494229284,0.8537447935205766,0.9769017205207178,0.0,0.0,0.0,0.693631343,0.0099188825,0.9897357435,0.10073710073710074
all,SRP,0.029126213592233007,407,0.0001599609008010622,7.237517224499325e-05,0.00041905671612117837,0.45517911275666373,0.362728983608943,0.5443861842441406,0.6329113924050633,0.3240223463687151,0.7916610114281062,0.006822530037499043,0.0016463812016159472,0.03363761456892114,77.0,34.0,90.0,0.9424699377549298,0.8495712887628492,0.9770616484803396,0.0,0.0,0.0,0.700845666,0.009866929,0.9897568425000001,0.036855036855036855
all,SRP,0.09090909090909091,407,0.00027738575984672184,9.362797296633185e-05,0.0007187206547863098,0.45517911275666373,0.3697135916965012,0.5456420864446032,0.6408839779005525,0.3258426966292135,0.7959691339222257,0.006889716192041774,0.0019470534480401694,0.03330925069547358,76.0,34.0,90.5,0.941754616023942,0.8511678527604855,0.9767570020049103,0.0,0.0,0.0,0.703686899,0.009941852000000001,0.994363557,0.004914004914004914
all,SRP,0.23076923076923075,407,0.0003985545140050931,0.00012858822439782244,0.001150523328547615,0.45849892957477284,0.371460196731349,0.5461390156607048,0.6408839779005525,0.32954545454545453,0.7922660190547357,0.007126990003702332,0.001826977294848848,0.034423685983313974,75.0,34.0,90.0,0.9423203604331777,0.8499710725214135,0.9770676781171228,0.0,0.0,0.0,0.692492755,0.009843454,0.9923808325,0.0
all,SRP,0.5,407,0.0005214768507842921,0.00016243869259224163,0.002069046497135701,0.4599770108570425,0.37274176135548287,0.5462623100551649,0.6405228758169934,0.32839876993492095,0.7832459716559892,0.008193417181147293,0.0019755746138261547,0.03719148080070963,74.0,34.0,90.0,0.9457610067389502,0.8501679173356409,0.9778169145053915,0.0,0.0,0.0,0.696319596,0.0098245855,0.980809213,0.0
all,SRP,0.75,407,0.0006376643130271605,0.0001952490546487604,0.002240083501465741,0.4599770108570425,0.37370981626068206,0.5462623100551649,0.6358381502890174,0.32839876993492095,0.7817141089108911,0.008375072801397787,0.002031728563572904,0.03873205734334373,70.0,34.0,90.0,0.9460991277099366,0.8547898251944321,0.978024766229459,0.0,0.0,0.0,0.694610079,0.0098545755,0.9829115415,0.0
all,SRP,0.9090909090909091,407,0.0006976917343068344,0.000197458413452178,0.002316267199214905,0.4599770108570425,0.37370981626068206,0.5462623100551649,0.6355140186915887,0.32839876993492095,0.7804555084745763,0.008609944099163224,0.002090876859127018,0.04040645993436254,69.0,34.0,90.0,0.9473379055674183,0.8608007400493775,0.9780940632108698,0.0,0.0,0.0,0.699081517,0.0098748915,0.9856626835,0.0
all,SRP,1.0,407,0.0007028642897168583,0.000197458413452178,0.002316267199214905,0.4599770108570425,0.37370981626068206,0.5462623100551649,0.6355140186915887,0.32839876993492095,0.783946251768034,0.008609944099163224,0.002090876859127018,0.042345520456492494,69.0,34.0,90.0,0.947552677323909,0.8630665285521439,0.9780940632108698,0.0,0.0,0.0,0.694371326,0.009925197,1.002871194,0.0
all,group_I_intron,0.0,83,1.811212651426237e-05,1.5050882636649837e-05,2.6436299290746807e-05,0.1875855016226548,0.09174972923251346,0.3358033148438614,0.5040650406504065,0.3973684210526316,0.5833237800450914,0.0036468746786705816,0.0012764905986687042,0.008940122637177092,71.0,61.0,77.5,0.910816371813084,0.8408336869361348,0.9462573388364928,0.18571428571428572,0.09026870007262164,0.2844606164383562,0.62480104,0.3848652045,0.9083442115,0.9879518072289156
all,group_I_intron,9.999000099990002e-05,83,2.0763015965077714e-05,1.668831792838539e-05,3.0019408332059465e-05,0.28764698573893754,0.1859205093506467,0.4158272809108471,0.5512820512820513,0.48296927064050355,0.6241594022415939,0.00371313994538828,0.0012912601954223782,0.008813691162616499,71.0,61.5,77.5,0.9193371502894612,0.8632422764519837,0.9540089411536966,0.058823529411764705,0.025974025974025976,0.14925373134328357,0.64176926,0.375809667,0.905958762,0.9156626506024096
all,group_I_intron,0.0002999100269919024,83,2.5418409748474523e-05,1.906967432314422e-05,3.581431454257349e-05,0.33452142442952393,0.2276157237933838,0.4213109090990776,0.5512820512820513,0.5125,0.6389248925574732,0.0037211161145568805,0.0013074234796560899,0.008818683387503534,73.0,63.5,79.0,0.9167302714116286,0.8694278836947502,0.9536105374023885,0.04819277108433735,0.012987012987012988,0.09090909090909091,0.629504854,0.396580326,0.8862435415000001,0.8795180722891566
all,group_I_intron,0.0009990009990009992,83,3.780062132856621e-05,2.5817031640900797e-05,5.184519820403646e-05,0.3429708937559733,0.25513184557528934,0.4317988090870868,0.576271186440678,0.5051253378063554,0.6523668639053255,0.003843385469626515,0.0013194906325763435,0.008982430172614422,72.0,64.0,81.5,0.9164597407253976,0.8501694125420363,0.9530032480492192,0.01818181818181818,0.01162947937795808,0.05676328502415459,0.602867308,0.3904715875,0.85110823,0.8313253012048193
all,group_I_intron,0.0029910269192422734,83,6.0316034971147746e-05,3.8206516016968555e-05,8.315183221968119e-05,0.3647912702618586,0.2785214640274769,0.4414159350236344,0.5864661654135338,0.5051253378063554,0.6521104536489152,0.0036491596878677436,0.0014323347276914413,0.00930952723858737,74.0,65.0,81.5,0.9135981773666251,0.8574292010336202,0.9504069462592913,0.011904761904761904,0.0,0.02817460317460317,0.610136732,0.37963939,0.8731463575,0.5542168674698795
all,group_I_intron,0.009900990099009901,83,0.00010542363262131738,6.00515274050535e-05,0.00016421714442012238,0.37088947331435207,0.30087188237051166,0.44641796222137115,0.5945945945945946,0.5,0.6576576576576576,0.004226967628649919,0.001380468376828909,0.009068848519258394,75.0,65.5,82.0,0.9135981773666251,0.8465566182321405,0.9504069462592913,0.0,0.0,0.015640273704789834,0.600361051,0.37375185,0.8562390695,0.3373493975903614
all,group_I_intron,0.029126213592233007,83,0.0001851758373912219,0.00010753132137814587,0.00034154039795605704,0.3779494498430052,0.3123772384085053,0.4485594646681042,0.5986394557823129,0.5062982207526374,0.6598639455782312,0.004266302894131493,0.0013783498342626287,0.009211720486185113,73.0,65.5,81.5,0.9098917749697691,0.8530777405808727,0.9530032480492192,0.0,0.0,0.0,0.599950311,0.3791010005,0.8524956035,0.08433734939759036
all,group_I_intron,0.09090909090909091,83,0.0003840558957614601,0.0001503873299407701,0.0006255969092996746,0.38189893635511585,0.31973212918988436,0.4534823707236026,0.6016260162601627,0.5095076739087103,0.6597924544894909,0.004332467154704729,0.001583476504829599,0.008927303331155824,73.0,65.0,80.0,0.9190686431745049,0.8527556685123759,0.9530032480492192,0.0,0.0,0.0,0.60383537,0.37802297949999997,0.843191818,0.012048192771084338
all,group_I_intron,0.23076923076923075,83,0.0004674064904429163,0.000176703975411348,0.0011900085840690947,0.38189893635511585,0.32250848880560723,0.4534823707236026,0.6065573770491803,0.5157679738562091,0.6943176052765094,0.004090329914294919,0.001681570209538935,0.009596187414702532,72.0,63.0,80.0,0.9199369322465645,0.8530777405808727,0.9530032480492192,0.0,0.0,0.0,0.590120437,0.368044194,0.8368017830000001,0.0
all,group_I_intron,0.5,83,0.0005976271888848942,0.00019876435998092358,0.002123827141283111,0.38198279398612933,0.33124635542344677,0.4534823707236026,0.6111111111111112,0.517550505050505,0.6999387630128597,0.004084099432936642,0.0018637734609047967,0.010917061558978033,71.0,63.0,79.0,0.9199369322465645,0.8684638475405119,0.9530032480492192,0.0,0.0,0.0,0.585196005,0.36003774600000005,0.808546821,0.0
all,group_I_intron,0.75,83,0.0006752001760715858,0.00019876435998092358,0.0023466187607782815,0.38214658424384573,0.33124635542344677,0.4534823707236026,0.6115702479338843,0.5193789070377093,0.7002139418791229,0.004642232653722309,0.0018957377450564787,0.011767615276948588,71.0,63.0,78.0,0.9218084784417454,0.8709603762044211,0.9530032480492192,0.0,0.0,0.0,0.578276344,0.357596692,0.820146657,0.0
all,group_I_intron,0.9090909090909091,83,0.0006752001760715858,0.00019876435998092358,0.002709196972593303,0.38214658424384573,0.33124635542344677,0.4534823707236026,0.6115702479338843,0.5193789070377093,0.7002139418791229,0.004707121786767804,0.0018957377450564787,0.011767615276948588,71.0,63.0,78.0,0.9218084784417454,0.8709603762044211,0.9530032480492192,0.0,0.0,0.0,0.574036344,0.3728677025,0.8207935255000001,0.0
all,group_I_intron,1.0,83,0.0006752001760715858,0.0002919153529368613,0.003070166590662047,0.38214658424384573,0.33124635542344677,0.4534823707236026,0.6115702479338843,0.5193789070377093,0.7002139418791229,0.004793747410233329,0.0018957377450564787,0.012100258250770664,70.0,63.0,78.0,0.9241555731781812,0.8709603762044211,0.9530032480492192,0.0,0.0,0.0,0.59945086,0.3777562945,0.83006208,0.0
all,tRNA,0.0,9234,0.00017485953213253219,0.00012409361451593714,0.00023149409632451724,0.2674737482916149,0.08233412605110439,0.43737107003333264,0.5652173913043478,0.43478260869565216,0.7391304347826086,0.007428789348737181,0.0020362828582006663,0.02969124655871644,21.0,20.0,23.0,0.9237063706598844,0.7925846955982639,0.971556588981017,0.125,0.041666666666666664,0.2727272727272727,0.003036453,0.0027551825000000003,0.0035962399999999997,0.7830842538444878
all,tRNA,9.999000099990002e-05,9234,0.00017559924396645085,0.00012517026942346522,0.00023271140672863198,0.2890472528264253,0.1062416008524591,0.4591108540026685,0.5714285714285714,0.4444444444444444,0.75,0.007431562374403093,0.001998001998001998,0.02969124655871644,21.0,20.0,23.0,0.9257614747783338,0.8063248407660863,0.9716924067776553,0.1,0.0,0.25,0.002803088,0.002533018,0.00343160775,0.719406541043968
all,tRNA,0.0002999100269919024,9234,0.0001799764287509636,0.0001286406952095861,0.0002377877045673301,0.31914738798206743,0.13390280925900835,0.4759310329734926,0.5853658536585366,0.46808510638297873,0.7619047619047619,0.007511737089201878,0.001973239938021556,0.02969124655871644,21.0,20.0,23.0,0.9262982978350204,0.8239487476708864,0.9718613800343001,0.07692307692307693,0.0,0.21052631578947367,0.002794921,0.00252351125,0.00359803075,0.6599523500108295
all,tRNA,0.0009990009990009992,9234,0.00019830790298972758,0.00013682758051764931,0.00026781464272964024,0.36137694214720195,0.1882821639094047,0.49233405460749935,0.6086956521739131,0.4897959183673469,0.7906976744186046,0.007528076021226706,0.0019128717758854746,0.029805795669051942,22.0,20.0,24.0,0.9271081063466112,0.8303973723156276,0.9720107934820488,0.043478260869565216,0.0,0.14285714285714285,0.0027922965000000003,0.0025180475,0.00378068375,0.5403941953649556
all,tRNA,0.0029910269192422734,9234,0.0002378136840881987,0.00015574245488687703,0.00034614243785304117,0.3898337301560423,0.24133856515831834,0.4999703262626563,0.64,0.5116279069767442,0.8163265306122449,0.00748810901144106,0.0018820190053066765,0.030016873390367366,22.0,20.0,24.0,0.9256287433591199,0.8316923496243548,0.9713535072925987,0.0,0.0,0.05263157894736842,0.0027953655,0.0025151252500000003,0.003857648,0.3807667316439246
all,tRNA,0.009900990099009901,9234,0.00032179196508310093,0.0001831393287047666,0.0005422100042488595,0.4067204326464548,0.28287417124421954,0.5042210704947983,0.6666666666666666,0.5217391304347826,0.84,0.007563248179686536,0.0017489205880745478,0.030210287884862227,22.0,20.0,24.0,0.9205183024730014,0.8245131227347091,0.9697234347314461,0.0,0.0,0.0,0.002796748,0.00251250525,0.0038977385,0.19211609270088803
all,tRNA,0.029126213592233007,9234,0.0004552481338889446,0.00022135335758079723,0.0008499225607656425,0.41517919563637556,0.30024197436657407,0.5076226903342042,0.6842105263157895,0.5263157894736842,0.8691550451189499,0.007568576618749915,0.00157736999842263,0.03096775164435871,22.0,21.0,24.0,0.9182009517225622,0.8177554734576903,0.9688088657082519,0.0,0.0,0.0,0.002799692,0.00251141575,0.003891877,0.07688975525232836
all,tRNA,0.09090909090909091,9234,0.0007088162062648984,0.0002727170083321183,0.0015329174279988167,0.42104381792404744,0.31494717880002493,0.5096885388608893,0.7,0.5333333333333333,0.8837209302325582,0.00781039745802908,0.0012530927385821632,0.030667653955325187,22.0,21.0,24.0,0.9206182858245011,0.8171436134805175,0.9687675283490572,0.0,0.0,0.0,0.0027989514999999998,0.002512752,0.00387825175,0.016352609919861382
all,tRNA,0.23076923076923075,9234,0.0009988965571700536,0.0003092083183781293,0.0025351602011787337,0.42370930612253854,0.324565828659962,0.5102317410405062,0.72,0.5333333333333333,0.9,0.007439928492560072,0.0012267328608099152,0.03012953838172521,22.0,20.0,24.0,0.9232322388802445,0.8194212603754272,0.9700720247751063,0.0,0.0,0.0,0.0027947709999999997,0.0025089235000000003,0.00385180425,0.0
all,tRNA,0.5,9234,0.0012620311181815785,0.0003377604192874525,0.004212049839711737,0.4249088392890163,0.32866413969421626,0.5104755241045923,0.7272727272727273,0.5333333333333333,0.8979591836734694,0.007520246818357115,0.0013489697787254411,0.028088541436453632,22.0,20.0,24.0,0.9257071217923154,0.828159371493457,0.9723185266381487,0.0,0.0,0.0,0.0027913994999999997,0.002507439,0.00383485575,0.0
all,tRNA,0.75,9234,0.0013959660394011828,0.00035240720516193215,0.005239026716182942,0.4250482855947567,0.32906840495840245,0.5104755241045923,0.7272727272727273,0.5333333333333333,0.8947368421052632,0.007841624887517676,0.0015658051632248377,0.026519444987297244,22.0,20.0,24.0,0.928461955395307,0.8366575308207069,0.9732868278080629,0.0,0.0,0.0,0.0027860305,0.00250878125,0.0037902630000000003,0.0
all,tRNA,0.9090909090909091,9234,0.0014595395835622228,0.00035615770718153,0.005946454573425612,0.42511136204096156,0.32906840495840245,0.5104755241045923,0.7272727272727273,0.5333333333333333,0.8947368421052632,0.007939428992060571,0.0016456841932033243,0.025562326972898838,22.0,20.0,24.0,0.9295770603662067,0.8406336865556561,0.974427780374672,0.0,0.0,0.0,0.002781504,0.002504544,0.00378272375,0.0
all,tRNA,1.0,9234,0.0014930684272571595,0.00035900482546814784,0.006304216856943508,0.42511473408910416,0.32906840495840245,0.5104755241045923,0.7272727272727273,0.5333333333333333,0.8947368421052632,0.007939428992060571,0.0016500711237553342,0.025628311772890086,22.0,20.0,24.0,0.9302181508630125,0.8425062490662607,0.9749035854988638,0.0,0.0,0.0,0.0027808345,0.0025015,0.003795068,0.0
all,tmRNA,0.0,10,1.5856613301737187e-05,1.4160072312240251e-05,1.9183831818175174e-05,0.21014150181964109,0.029345537684059196,0.22621419807498389,0.3888888888888889,0.3225539414654988,0.5087719298245614,0.014686333074685698,0.0065535558112184405,0.03308349780040165,69.0,57.75,72.0,0.9071578741493116,0.7542965905317096,0.9476430714707476,0.16363636363636364,0.1447072072072072,0.3375286041189931,0.6395655835,0.3489812295,0.85815911175,0.9
all,tmRNA,9.999000099990002e-05,10,1.9072754936848156e-05,1.488334181860471e-05,2.120640984989452e-05,0.2585960463384144,0.1213764539405919,0.26479763641176923,0.3888888888888889,0.3386021505376344,0.5263157894736842,0.014720495173482555,0.006581025756449744,0.033303705667896616,68.0,57.75,72.0,0.9071578741493116,0.7636966377052834,0.9485439174999689,0.10909090909090909,0.06531531531531531,0.20647058823529413,0.6302683675,0.34777212199999996,0.85479854575,0.9
all,tmRNA,0.0002999100269919024,10,2.7014922804521934e-05,1.7417760332444702e-05,2.775575288341723e-05,0.27433650862855397,0.1612545831060509,0.2979145645105641,0.4121461187214612,0.344675209898365,0.5263157894736842,0.014856415667584073,0.006676376871539786,0.03317549816006643,69.0,58.5,72.0,0.9062482802528518,0.7617075385411295,0.9485439174999689,0.05357142857142857,0.041666666666666664,0.13869565217391305,0.6217233395,0.346424395,0.8474878195,0.8
all,tmRNA,0.0009990009990009992,10,3.779495516500616e-05,2.1475892956416624e-05,4.6611586434837e-05,0.29388284740264115,0.19222815752495706,0.3231412837407214,0.4013157894736842,0.3386842105263158,0.5263157894736842,0.015128432250734385,0.006733220476085749,0.03300983114714913,70.0,61.0,72.0,0.9043694405696712,0.7819824993559426,0.9487344822854252,0.01694915254237288,0.013888888888888888,0.07142857142857142,0.619451721,0.34677611399999997,0.8449295525,0.8
all,tmRNA,0.0029910269192422734,10,6.319746504920059e-05,4.7681177343419e-05,8.767817557862919e-05,0.31586822480942245,0.22425524042062256,0.3288156432345987,0.4001032080502279,0.3317775974025974,0.5357142857142857,0.015285940075922062,0.00692730033183582,0.03256674559755188,70.0,62.5,72.0,0.8903727013169354,0.762760552263519,0.9495592468752925,0.0,0.0,0.016666666666666666,0.618074835,0.346979682,0.84367673475,0.4
all,tmRNA,0.009900990099009901,10,0.00011078656223973401,7.367366323847588e-05,0.0001570317591845976,0.322554420011229,0.23395012957437678,0.3347380245971313,0.3921736158578264,0.3354978354978355,0.5555555555555556,0.014895414280309568,0.007034161621607977,0.032872656272169024,67.0,61.5,70.0,0.890335107838123,0.7830731065571445,0.9564184142277965,0.0,0.0,0.0,0.6177901595,0.34880064125,0.837696464,0.1
all,tmRNA,0.029126213592233007,10,0.00020517429626890115,0.00014747175502579418,0.0003512711788722368,0.3311139586958716,0.24159650830968615,0.3418002032680855,0.38967611336032393,0.3342490842490842,0.5648791790797749,0.016602046567605895,0.007594360073722033,0.03196543629112946,66.0,61.75,69.0,0.8824194495093969,0.797438732522253,0.9600308003197756,0.0,0.0,0.0,0.62337832,0.34512134575,0.819650652,0.1
all,tmRNA,0.09090909090909091,10,0.00048651388611270713,0.00018493270791905786,0.0007439688039017139,0.33539330754098684,0.24601220296475348,0.3523075688202702,0.4026664342976647,0.3386842105263158,0.5730431848852902,0.01777747078969276,0.006871359973635643,0.030523990208158512,64.5,59.75,67.0,0.9043694405696712,0.8315265541451634,0.9612771533555244,0.0,0.0,0.0,0.6253701955000001,0.34905202325,0.8167961579999999,0.0
all,tmRNA,0.23076923076923075,10,0.0007382824808872098,0.000499270920601207,0.0007785269063703491,0.33663155475313333,0.24681327910270956,0.35860916471850635,0.4108843537414966,0.34,0.57428522804629,0.017062377215994053,0.006882316929841907,0.0325106576386191,63.5,59.0,66.5,0.9051201445942608,0.8355770366130048,0.9634743747172038,0.0,0.0,0.0,0.6316465605,0.34378345925000003,0.819481664,0.0
all,tmRNA,0.5,10,0.0019198967831364172,0.0008240762309532977,0.0024530871450716973,0.338043629627713,0.24888247574500033,0.35931520215579615,0.4163638057962911,0.3486413653716595,0.5768364518364518,0.014860994420143346,0.007281384374893474,0.031356163835484015,61.0,57.0,63.5,0.9062482802528518,0.8440839511028528,0.9634881277241725,0.0,0.0,0.0,0.625478729,0.3460602695,0.81695926675,0.0
all,tmRNA,0.75,10,0.002075574617176363,0.0010422155409712678,0.003617582791906433,0.338043629627713,0.25039784670951565,0.35931520215579615,0.4163638057962911,0.35697701416299044,0.5769230769230769,0.01402410468793717,0.007883529990406576,0.03029655993397647,58.0,56.0,62.0,0.9062482802528518,0.859371672894432,0.9635144112247079,0.0,0.0,0.0,0.6394011150000001,0.34700855524999996,0.81761435975,0.0
all,tmRNA,0.9090909090909091,10,0.002362807846590211,0.0010422155409712678,0.004053031868476649,0.338043629627713,0.2507470282471231,0.35931520215579615,0.4163638057962911,0.35697701416299044,0.5769230769230769,0.013548106171062443,0.008583192516155424,0.03029655993397647,58.0,53.75,62.0,0.9062482802528518,0.8783235851905958,0.964030655760929,0.0,0.0,0.0,0.6302247114999999,0.34535726775,0.817651115,0.0
all,tmRNA,1.0,10,0.002362807846590211,0.0010422155409712678,0.005837198752430674,0.338043629627713,0.2511155756523197,0.35931520215579615,0.4163638057962911,0.3613604156825697,0.5769230769230769,0.021358617810341762,0.00897688825882157,0.030842866457443427,57.0,49.25,62.0,0.907044923092136,0.9062482802528518,0.964030655760929,0.0,0.0,0.0,0.63680722,0.345528533,0.81763434725,0.0
deduplicated,all_families,0.0,16222,0.0001100430173719666,7.52814758310867e-05,0.00016710342101409776,0.22874109740606557,0.023102796342923,0.41784925419668717,0.5396825396825397,0.34146341463414637,0.7441860465116279,0.006066432020866869,0.0016597312427738807,0.020288182487757413,28.0,22.0,34.0,0.9002189628965342,0.6717622280547086,0.9682620500800699,0.14285714285714285,0.03333333333333333,0.32,0.014645739500000001,0.003204897,0.0182442325,0.8056343237578597
deduplicated,all_families,9.999000099990002e-05,16222,0.00011160737815457987,7.6692792622041e-05,0.00016827163399447533,0.269951509321566,0.06024794655365627,0.44913109165193527,0.5581395348837209,0.3548387096774194,0.7619047619047619,0.006053803978993926,0.001659397521141648,0.020329917206837536,28.0,22.0,35.0,0.907080047466104,0.7273412391836959,0.9689256521777132,0.1,0.0,0.27962025316455696,0.013898985499999999,0.0029682215,0.017415713,0.7220441375909259
deduplicated,all_families,0.0002999100269919024,16222,0.00011904328982294152,8.02272074053299e-05,0.0001750634266601895,0.3091454218484632,0.09918272739926146,0.46519509921168245,0.5714285714285714,0.3684210526315789,0.7733333333333333,0.006047143033444403,0.0016597823421792188,0.020424419450448667,28.0,22.0,35.0,0.908753976580124,0.7614415239735588,0.9691010812171299,0.06060606060606061,0.0,0.22727272727272727,0.013843823,0.0029643507499999997,0.0173660175,0.6518308469979041
deduplicated,all_families,0.0009990009990009992,16222,0.00014033389690450696,8.968730730211284e-05,0.0002048911134430915,0.3500775639447221,0.16543745302546178,0.4787744080984118,0.6,0.39344262295081966,0.7906976744186046,0.006130071390191593,0.0016505280159057494,0.02053727103033556,28.0,22.0,35.0,0.9094418420780666,0.7822151381903387,0.9688004330645725,0.02857142857142857,0.0,0.14285714285714285,0.013847383,0.00296875425,0.0173823725,0.5251510294661571
deduplicated,all_families,0.0029910269192422734,16222,0.00018067795035479214,0.0001046695568313382,0.0002853658848391582,0.37407946036964523,0.21894658151907648,0.4861685138999754,0.631578947368421,0.42633879781420764,0.8095238095238095,0.00616398032254656,0.001663569704839764,0.02088479722693266,29.0,22.0,35.0,0.9075008599779115,0.7867368920454013,0.968547194303092,0.0,0.0,0.05,0.013846011,0.0029768340000000003,0.01736952575,0.3698680803846628
deduplicated,all_families,0.009900990099009901,16222,0.00025177909366030644,0.00012958839926541528,0.0004578645534063582,0.38774077526899664,0.25567148008268026,0.49195966876239394,0.6571428571428571,0.4507042253521127,0.821917808219178,0.006331147962463041,0.0017016248294569728,0.0214584380244432,29.0,23.0,35.0,0.9042680538740534,0.785307652156901,0.9680498940311877,0.0,0.0,0.0,0.013851089,0.00298459025,0.0173731385,0.1912834422389348
deduplicated,all_families,0.029126213592233007,16222,0.00036151791762573614,0.00016835165658921018,0.0007406932153162698,0.3952160185001575,0.2733001977400502,0.49463704688866034,0.6785714285714286,0.463768115942029,0.8307692307692308,0.0062904302204954375,0.001666429283577838,0.02207615299301575,29.0,23.0,35.0,0.9027449443114199,0.781203421683542,0.9678031159365524,0.0,0.0,0.0,0.0138437735,0.00298368425,0.0173882365,0.07317223523609913
deduplicated,all_families,0.09090909090909091,16222,0.0005605513628312924,0.00022021645533961927,0.0013621129734370878,0.39978990003753384,0.2857564562062435,0.4963907301853355,0.6923076923076923,0.47058823529411764,0.8372093023255814,0.0063025210084033615,0.0016295909111872953,0.02282310036765527,29.0,23.0,35.0,0.9040932982910552,0.7831827803555229,0.9679614457230908,0.0,0.0,0.0,0.013850352,0.0029822325,0.017378284,0.0117741338922451
deduplicated,all_families,0.23076923076923075,16222,0.0008003721075630417,0.00026535507590934933,0.00229671829140749,0.40206438432698877,0.2923877864053819,0.49710677877378157,0.6984126984126984,0.476545842217484,0.8387096774193549,0.006509044295684376,0.0017236870324272456,0.022821035769398364,29.0,23.0,35.0,0.907893882604812,0.7903670693454403,0.9685332694583035,0.0,0.0,0.0,0.013840347499999999,0.0029771892499999997,0.01736094225,6.164468006411046e-05
deduplicated,all_families,0.5,16222,0.0010712422351438486,0.0003030669507414017,0.0036589690773644766,0.40310791189442663,0.29625514521244367,0.4974220458716797,0.7027027027027027,0.4782608695652174,0.8405797101449275,0.007128645765812044,0.0018765569145175465,0.023499693255323872,28.0,22.0,35.0,0.9129632843761174,0.8008130936530825,0.9700217018914865,0.0,0.0,0.0,0.013843788,0.002972452,0.01732056425,0.0
deduplicated,all_families,0.75,16222,0.0011874715932899168,0.00032524861179902126,0.004686860208680229,0.40313678727785973,0.29709299814164536,0.4974563600876004,0.7027027027027027,0.4788732394366197,0.8405797101449275,0.007436314141707352,0.0018817670760037973,0.02429174720299026,27.0,22.0,35.0,0.9169606710472428,0.8095154767850093,0.9714484954706419,0.0,0.0,0.0,0.0138346895,0.00296898275,0.01732117775,0.0
deduplicated,all_families,0.9090909090909091,16222,0.0012506425449274688,0.0003335554990588322,0.005324176957385501,0.4032087714064477,0.2974479071622043,0.4974563600876004,0.7037037037037037,0.4782608695652174,0.8387096774193549,0.007678757040970999,0.0019382528035442337,0.024825523429710866,27.0,22.0,35.0,0.919659431656076,0.814743623133736,0.9725280822152806,0.0,0.0,0.0,0.013827447,0.00296731975,0.01731173575,0.0
deduplicated,all_families,1.0,16222,0.0012886776930020457,0.0003364818852861518,0.005641321009914176,0.4032087714064477,0.2974479071622043,0.4974563600876004,0.7027027027027027,0.4782608695652174,0.8387096774193549,0.00781958663469186,0.0019543411920719808,0.025384650990495757,27.0,22.0,35.0,0.9209870352116439,0.8181781618328586,0.9729907325644358,0.0,0.0,0.0,0.013826097,0.00296184625,0.017290398,0.0
deduplicated,16S_rRNA,0.0,142,2.1569885303047752e-05,1.772730304814657e-05,2.9666668901903017e-05,0.1531300068570723,0.028999928411446163,0.26989627981610576,0.4599455570678592,0.3535817011368306,0.6104974602918649,0.005186258479260027,0.0016635036100195724,0.018494851185688447,70.0,63.0,76.0,0.8494140628887388,0.7209315404852534,0.929985692938742,0.19707639778062314,0.11202185792349727,0.34065638450502156,0.571455243,0.42016229475,0.7144905460000001,0.9647887323943662
deduplicated,16S_rRNA,9.999000099990002e-05,142,2.5415107916854882e-05,2.011232818075332e-05,3.411398394046477e-05,0.27418878245792333,0.14646631390780035,0.35985746969063237,0.5822072072072072,0.408033728687917,0.6946636925188744,0.005199947981747643,0.0016265003496528413,0.01839117352316431,70.0,62.25,76.0,0.873624026718354,0.8243060061247374,0.9373726584581202,0.08384074941451991,0.0390892002734108,0.19718309859154928,0.566664364,0.42086765025,0.69399601775,0.9225352112676056
deduplicated,16S_rRNA,0.0002999100269919024,142,3.18435313476717e-05,2.4438258966692544e-05,4.344534965197765e-05,0.3199233059135841,0.21558941288241046,0.38235368786442225,0.6051525873507297,0.45242440041710114,0.7058823529411765,0.005177689270956579,0.001618891213662028,0.01826558411399752,70.5,63.0,77.0,0.8706881182637232,0.8198395114647052,0.9345709508044504,0.04124149659863945,0.01355979266938171,0.11129275653923541,0.5605531015,0.41551543049999995,0.693847118,0.8169014084507042
deduplicated,16S_rRNA,0.0009990009990009992,142,4.782105173187067e-05,3.269374614134564e-05,6.727319769008298e-05,0.3453645036574683,0.24787349922939564,0.39688890007441785,0.6164383561643836,0.47799609573926327,0.7177068214804063,0.005248551835327927,0.0016346446875881054,0.018306697285128532,71.0,64.0,77.0,0.8724517884169332,0.826749475399698,0.9321479181839095,0.014492753623188406,0.0,0.046784156976744186,0.5655809334999999,0.40791058700000005,0.6754152935,0.6549295774647887
deduplicated,16S_rRNA,0.0029910269192422734,142,7.312268631713623e-05,4.84795237147298e-05,0.00010118019899110722,0.3572888425908308,0.2644378603966253,0.40732186956077737,0.6404826081375947,0.5007309941520468,0.726099706744868,0.00528624179475084,0.0016676857335415343,0.018171314404465882,72.0,64.25,78.0,0.8692092129547062,0.8168383590631002,0.9321076475840144,0.0,0.0,0.014084507042253521,0.557125621,0.40613385225,0.66531419275,0.4084507042253521
deduplicated,16S_rRNA,0.009900990099009901,142,0.00011146922039698571,7.899249539799569e-05,0.00018287090802969453,0.36645324983351435,0.28118829161859876,0.4116491840597983,0.6572682926829269,0.507494262765347,0.7345118649466476,0.005122469053541869,0.0015498189517043472,0.018057307743604277,72.0,64.25,79.0,0.8654178493304989,0.8162239723008541,0.9321368122968822,0.0,0.0,0.0,0.5509495445,0.3979915585,0.6666728015,0.19718309859154928
deduplicated,16S_rRNA,0.029126213592233007,142,0.00023412077139378342,0.00011609849696846536,0.0003493310846781575,0.3718172300918626,0.28991387453644873,0.41536399078001623,0.6639784946236559,0.5039370078740157,0.736,0.004895009581840464,0.0015368229888510353,0.017768399764548675,73.0,64.0,79.0,0.8668721533101549,0.8125701468296617,0.9323555652914142,0.0,0.0,0.0,0.5568179465,0.40739858575,0.6725428232499999,0.06338028169014084
deduplicated,16S_rRNA,0.09090909090909091,142,0.0005480071459066332,0.00016508885475392368,0.0008773254331275744,0.37340413327189464,0.30141023485208884,0.41805206932093886,0.6717798594847775,0.5240046838407495,0.735453237410072,0.005244538512527852,0.0015088310996716073,0.016773404940768823,72.0,64.0,78.0,0.8714114737277576,0.8007459604074993,0.9346559335485685,0.0,0.0,0.0,0.5532794544999999,0.3896776005,0.66200908275,0.02112676056338028
deduplicated,16S_rRNA,0.23076923076923075,142,0.0009266823323260334,0.00020577990851744932,0.0017142353187974925,0.3758677109923807,0.30493209610133,0.4206224220660266,0.6788429752066116,0.5280701754385965,0.7421383647798742,0.0056732850352012015,0.0014204137851875232,0.013913354755917175,71.0,62.25,78.0,0.8757993424348409,0.8090462477674017,0.9393244866459087,0.0,0.0,0.0,0.54507274,0.39149293775,0.66625709325,0.0
deduplicated,16S_rRNA,0.5,142,0.0010076299799348745,0.00029027155482207423,0.0023550662333014236,0.3761370112741762,0.3059391476249091,0.42088685485596283,0.6788429752066116,0.5333333333333333,0.7443445738070821,0.006970330472249193,0.0014301962492728369,0.012806168170248829,71.0,61.0,77.0,0.8729415683306345,0.8027155848889295,0.9396911029130162,0.0,0.0,0.0,0.5459746025000001,0.39216246974999996,0.6621005182499999,0.0
deduplicated,16S_rRNA,0.75,142,0.001190368855797549,0.0003365314311260806,0.002668962044735701,0.3761370112741762,0.30646990503846383,0.42088685485596283,0.6805797101449276,0.5333333333333333,0.7432268988872762,0.007289480866466963,0.0014637204718267668,0.013838517387711524,71.0,61.0,76.75,0.8749737576482395,0.8159076168233167,0.9403427211359898,0.0,0.0,0.0,0.5458784670000001,0.38576867625,0.66983612175,0.0
deduplicated,16S_rRNA,0.9090909090909091,142,0.0012329625664252832,0.0003499395359429227,0.0030061588588427522,0.3761370112741762,0.3064774118457601,0.42088685485596283,0.6807407407407408,0.5333333333333333,0.7467670011148272,0.007289480866466963,0.0014428571031480423,0.013844975538186161,70.0,60.0,77.0,0.8757993424348409,0.816745983023878,0.9407519729545235,0.0,0.0,0.0,0.561849739,0.3705360225,0.6761217535,0.0
deduplicated,16S_rRNA,1.0,142,0.0012963144212441032,0.0003499395359429227,0.0031055325538427384,0.3761370112741762,0.3064774118457601,0.42088685485596283,0.6807407407407408,0.5333333333333333,0.7496558251591809,0.007312655951743003,0.001401214171531559,0.015336844506356292,70.0,60.0,77.0,0.8786960192185354,0.8198974486522526,0.9415059399685113,0.0,0.0,0.0,0.5470222505,0.3546683995,0.669733885,0.0
deduplicated,5S_rRNA,0.0,9273,9.104649040104896e-05,6.586049658619798e-05,0.0001173104158782641,0.1957606355291267,-0.021180073857344762,0.4073975993710389,0.5,0.2857142857142857,0.7567567567567568,0.004907911103118584,0.0015792151498932874,0.015645919384703035,33.0,29.0,36.0,0.873276502498848,0.5476301298087729,0.9644555713856249,0.16129032258064516,0.02857142857142857,0.36363636363636365,0.017318949,0.01536694,0.019210838,0.817103418526906
deduplicated,5S_rRNA,9.999000099990002e-05,9273,9.249482316628187e-05,6.709416789011207e-05,0.00011926944306637172,0.24915872492865693,0.019262404554553084,0.44098197856164706,0.53125,0.29508196721311475,0.7714285714285715,0.004942315909414613,0.0015773446571101001,0.015603190428713859,33.0,29.0,36.0,0.8851421522901063,0.656046644822199,0.9654658175826586,0.1111111111111111,0.0,0.3181818181818182,0.016490267,0.014580041,0.018361725,0.7202631295157985
deduplicated,5S_rRNA,0.0002999100269919024,9273,9.866944454782252e-05,7.015362736770205e-05,0.00012870465526925432,0.29326240741087867,0.06605913611877194,0.4585461663131244,0.5588235294117647,0.3103448275862069,0.782608695652174,0.004931932847968513,0.0015710919088766694,0.01560041361327159,33.0,29.0,36.0,0.8894303601496294,0.7147887567085,0.9655980037209564,0.0625,0.0,0.25,0.016464668,0.014542614,0.01831265,0.6420791545346706
deduplicated,5S_rRNA,0.0009990009990009992,9273,0.00011609065552938903,7.794222103194295e-05,0.0001595961043315138,0.3372837381960862,0.1404133892550773,0.46949098809441137,0.5964912280701754,0.3333333333333333,0.8,0.004987622225954622,0.0015527234153765738,0.015795354135783087,33.0,29.0,37.0,0.8919827354616456,0.7495044642533983,0.9653817346640334,0.027777777777777776,0.0,0.14814814814814814,0.016488234,0.014547782,0.018303106,0.5131025558071821
deduplicated,5S_rRNA,0.0029910269192422734,9273,0.00014841863337079365,8.881123432418351e-05,0.00023584492933975546,0.3608342410632224,0.20059356562738545,0.4763256455645351,0.6376811594202898,0.36363636363636365,0.8125,0.004988700478115824,0.0015131392021990075,0.01584768241694016,34.0,30.0,37.0,0.8911068672218474,0.7554519441895339,0.9654122130779862,0.0,0.0,0.058823529411764705,0.01646613,0.014552719,0.018309536,0.3647147632912757
deduplicated,5S_rRNA,0.009900990099009901,9273,0.00021111606383462272,0.00011151247169823407,0.0004027845070141964,0.3718085377305121,0.2345652346119216,0.4801649542686102,0.6666666666666666,0.3870967741935484,0.8235294117647058,0.005010898866259948,0.001624774336897653,0.016322503256761812,34.0,30.0,37.0,0.8892594419622774,0.755202093670885,0.9655365953737514,0.0,0.0,0.0,0.016480983,0.014570365,0.018316776,0.19443545778065352
deduplicated,5S_rRNA,0.029126213592233007,9273,0.00030733193736377995,0.00014863118923016895,0.0006869204748714118,0.3787154007950683,0.2518126995927662,0.48255463969346046,0.6865671641791045,0.4,0.8285714285714286,0.004999305651992779,0.001665113881895851,0.017226648361679288,34.0,31.0,37.0,0.8879830318427082,0.7543520898426261,0.9656222511514875,0.0,0.0,0.0,0.016475685,0.0145468,0.01830549,0.07354685646500593
deduplicated,5S_rRNA,0.09090909090909091,9273,0.0004914568157485886,0.00019952011865374662,0.0012771844178570508,0.38298123272835033,0.2630526422969439,0.483715015105113,0.696969696969697,0.40625,0.8307692307692308,0.005107634365608595,0.001711367045281847,0.018480562956890073,34.0,30.0,37.0,0.8894773091017105,0.7581242239758106,0.9659034351454684,0.0,0.0,0.0,0.016451377,0.014540581,0.018291319,0.010676156583629894
deduplicated,5S_rRNA,0.23076923076923075,9273,0.0006992689887651049,0.00024593035363994626,0.002199631939673785,0.38458547960736833,0.26847986953932523,0.4841210804402396,0.6984126984126984,0.4126984126984127,0.8307692307692308,0.005498715464010456,0.0018464379135251577,0.019524394524394525,34.0,30.0,37.0,0.8931207567022319,0.7690485250428751,0.9664560661880788,0.0,0.0,0.0,0.016418428,0.014510996,0.018286891,0.0
deduplicated,5S_rRNA,0.5,9273,0.0009774150579025828,0.0002896423966370954,0.0034037348785768678,0.3860602994308774,0.2720795426597584,0.4845323318914675,0.6956521739130435,0.4166666666666667,0.8285714285714286,0.006402759331575713,0.0019382528035442337,0.021067602634905848,33.0,29.0,37.0,0.9002522319111224,0.7838935630613044,0.9675095687936153,0.0,0.0,0.0,0.016397497,0.014521632,0.018254993,0.0
deduplicated,5S_rRNA,0.75,9273,0.001098585905111277,0.00031235323923996624,0.004496638733037413,0.38614367565140467,0.2731618419985074,0.48455562348607517,0.6923076923076923,0.4117647058823529,0.8275862068965517,0.006833610574113204,0.001984110915849402,0.02264422727482969,33.0,28.0,37.0,0.9055094961688124,0.7942690683965258,0.9694102025274565,0.0,0.0,0.0,0.016380701,0.014529004,0.018245539,0.0
deduplicated,5S_rRNA,0.9090909090909091,9273,0.0011523634963990239,0.000321134441764279,0.005165552369529008,0.3861690682986156,0.2733871792296953,0.48455562348607517,0.6896551724137931,0.4074074074074074,0.8266666666666667,0.0071726149145951955,0.0020344396611581723,0.02352303737916361,33.0,28.0,37.0,0.9087967409675567,0.7991297693763844,0.9705824718611924,0.0,0.0,0.0,0.016381192,0.014532118,0.018221193,0.0
deduplicated,5S_rRNA,1.0,9273,0.001197673631096551,0.00032604076575481426,0.005498380101002094,0.3861690682986156,0.2733871792296953,0.48455562348607517,0.6875,0.40625,0.8266666666666667,0.00738414311694677,0.0020530803698541864,0.024168203866912617,33.0,28.0,37.0,0.9099183154588253,0.8033871055145079,0.9712479947129768,0.0,0.0,0.0,0.016378026,0.014542674,0.018204177,0.0
deduplicated,RNaseP,0.0,31,2.1191405537475082e-05,1.685879104676873e-05,2.3920056174247052e-05,0.23840967828894247,-0.003077167081871477,0.4098470609461343,0.5309734513274337,0.3323913811374073,0.6261290322580645,0.006655534792208198,0.004028514815339383,0.010868186092471914,70.0,63.0,78.0,0.946448190016662,0.47233126083744714,0.9797726799921789,0.20481927710843373,0.05402930402930403,0.4008295625942685,0.621908376,0.376811523,0.903423741,1.0
deduplicated,RNaseP,9.999000099990002e-05,31,2.4000407783807613e-05,1.9455958705166753e-05,2.9858510501940503e-05,0.3470608627271229,0.14316325499518978,0.46249771134946416,0.5522388059701493,0.41960438699569136,0.6696969696969697,0.006549699101480488,0.004079718132294708,0.010894824193643958,70.0,62.0,79.0,0.946448190016662,0.7868007896851861,0.9797604308999033,0.08333333333333333,0.021153846153846155,0.20405701754385963,0.628620832,0.383828403,0.9472171545,0.9354838709677419
deduplicated,RNaseP,0.0002999100269919024,31,3.186109497831537e-05,2.4070623584819346e-05,3.745126172296653e-05,0.38457452065263265,0.1823237005600688,0.47586828869953013,0.5441176470588235,0.4296296296296296,0.6726190476190477,0.006552886923490359,0.004168513060493116,0.010969465875817621,72.0,63.5,79.5,0.946448190016662,0.823712027749592,0.9797675311892171,0.028985507246376812,0.01325957147874956,0.14147727272727273,0.628177571,0.38022031,0.9300361975,0.8387096774193549
deduplicated,RNaseP,0.0009990009990009992,31,4.2395568437557614e-05,3.0756323000219e-05,5.212665270987213e-05,0.3982088111911356,0.23521037635909198,0.4921179358780059,0.5467625899280576,0.42644757433489827,0.6791930379746836,0.006617461820354548,0.004334165888568232,0.011113230930467115,73.0,67.0,80.5,0.9442217493506977,0.7910591012932218,0.9797552820969415,0.0125,0.0,0.06933429464071136,0.638572212,0.37512649649999996,0.9029795899999999,0.6129032258064516
deduplicated,RNaseP,0.0029910269192422734,31,5.5804344767566184e-05,4.1547749675115064e-05,0.00010795472690187808,0.4093132192515056,0.2556452144756187,0.4959162781045263,0.5673758865248227,0.4614499424626007,0.6991700104435772,0.006580212004290232,0.004500155636200404,0.011106558797099174,74.0,67.5,81.0,0.9435834762743824,0.7910591012932218,0.9788570391727472,0.0,0.0,0.02434759214420231,0.658075128,0.386528709,0.9267197,0.4838709677419355
deduplicated,RNaseP,0.009900990099009901,31,0.00010341962347903062,7.930339019109411e-05,0.0002034741789917589,0.4151504053737613,0.2685254185196121,0.5012001787837191,0.5844155844155844,0.46293538512451393,0.6952214780210503,0.006651176598946788,0.004610509284356417,0.01089293818734734,77.0,69.5,83.0,0.9364181192023673,0.8007751103378404,0.9779068431634166,0.0,0.0,0.0,0.642707942,0.3895817835,0.9096228355,0.22580645161290322
deduplicated,RNaseP,0.029126213592233007,31,0.00017564084200632823,9.693707544800438e-05,0.00034026001466167286,0.4171795276791259,0.27005183226784313,0.5019385672961347,0.5882352941176471,0.46293538512451393,0.7171112556929082,0.006046023223920906,0.004744137997944575,0.01089657174261905,76.0,71.0,82.5,0.9364181192023673,0.8039817785075444,0.9779069390929428,0.0,0.0,0.0,0.640343619,0.39742236900000005,0.8755751814999999,0.12903225806451613
deduplicated,RNaseP,0.09090909090909091,31,0.0004299964272040807,0.00014549026149073354,0.0007458824830161397,0.41886646891828505,0.27508867867448483,0.5037998126616328,0.5960264900662252,0.4822975159417531,0.718349358974359,0.005957912253311769,0.0047076550007671275,0.010060001437956864,75.0,69.5,81.5,0.946448190016662,0.8098449764827595,0.9783161521375711,0.0,0.0,0.0,0.620154966,0.4078334135,0.8740991055,0.06451612903225806
deduplicated,RNaseP,0.23076923076923075,31,0.0007385817344769435,0.00018626094374613153,0.001273953625297398,0.4202227278632593,0.27710206202699883,0.5040400943118368,0.60431654676259,0.487520641660769,0.7261904761904762,0.007084973949011654,0.004236913476052222,0.009255754182078536,72.0,66.5,81.0,0.9485024755185576,0.8155075992067191,0.9783161521375711,0.0,0.0,0.0,0.656871548,0.40480340400000003,0.8982696015,0.03225806451612903
deduplicated,RNaseP,0.5,31,0.0010648843789454589,0.00034689314161323977,0.0028155801113189946,0.4202227278632593,0.2830324208608788,0.504237670874457,0.6122448979591837,0.49281858492384806,0.7240143369175627,0.007314843859857868,0.004501111149859897,0.01353607133236564,71.0,62.0,80.5,0.9485024755185576,0.8276406047553337,0.9788250340135674,0.0,0.0,0.0,0.646792506,0.40637898100000003,0.868579463,0.0
deduplicated,RNaseP,0.75,31,0.0012741072570055252,0.00035360360111311737,0.004014182576261272,0.4202227278632593,0.28307994450479956,0.504237670874457,0.6164383561643836,0.49281858492384806,0.7269647696476964,0.00701520651990298,0.004951264775176499,0.014092027490887102,70.0,62.0,81.0,0.9485024755185576,0.8276406047553337,0.9793461649818394,0.0,0.0,0.0,0.656821493,0.37677435150000005,0.894462713,0.0
deduplicated,RNaseP,0.9090909090909091,31,0.0012741072570055252,0.00037303516053210884,0.004625951447018929,0.4202227278632593,0.28307994450479956,0.504237670874457,0.6164383561643836,0.49281858492384806,0.7269647696476964,0.00701520651990298,0.0051801701651195825,0.0140827930150986,70.0,62.0,80.5,0.9485024755185576,0.8276406047553337,0.9793461649818394,0.0,0.0,0.0,0.649152002,0.3926826955,0.9163095915,0.0
deduplicated,RNaseP,1.0,31,0.0012741072570055252,0.00037303516053210884,0.004921725481016386,0.4202227278632593,0.2830958312396232,0.504237670874457,0.625,0.49281858492384806,0.7269647696476964,0.007859995677086154,0.0051801701651195825,0.013646605113551227,70.0,61.5,80.0,0.9485024755185576,0.8277714130154565,0.9793461649818394,0.0,0.0,0.0,0.65414651,0.403693036,0.910199592,0.0
deduplicated,SRP,0.0,293,2.4531035772869577e-05,1.5942714855689862e-05,7.413054840400353e-05,0.3155484821745136,0.09769528754357866,0.45874714133613076,0.5340314136125655,0.2823529411764706,0.6909090909090909,0.006941977819373108,0.0016116361024443896,0.03318892954142443,79.0,34.0,90.0,0.9405423157047302,0.8150737603983356,0.9761162623736658,0.10344827586206896,0.034482758620689655,0.25925925925925924,0.763132147,0.011838769,1.115312254,0.8600682593856656
deduplicated,SRP,9.999000099990002e-05,293,2.741305938795163e-05,1.7733299677207834e-05,7.579688424642819e-05,0.3805978134784337,0.17563293007997846,0.5148616719242326,0.5730994152046783,0.30303030303030304,0.7329192546583851,0.0068475835917696385,0.0016201656528472986,0.03331821956858432,79.0,34.0,91.0,0.9431954979877998,0.8386313782648291,0.9761162623736658,0.04411764705882353,0.0,0.1951219512195122,0.758603372,0.011387356,1.085481889,0.689419795221843
deduplicated,SRP,0.0002999100269919024,293,3.3303411765284815e-05,2.1592298507493066e-05,8.329911554750934e-05,0.41119661983356937,0.21696218872893538,0.5240402520456671,0.5847953216374269,0.3181818181818182,0.7514450867052023,0.006951064177775428,0.0015815138602117472,0.03379946578079056,80.0,35.0,91.0,0.9440596357933619,0.8442184571294833,0.976082965401257,0.015873015873015872,0.0,0.13095238095238096,0.760559892,0.011272273,1.071599916,0.6109215017064846
deduplicated,SRP,0.0009990009990009992,293,5.025758437080466e-05,2.7685117846534343e-05,0.00011605146292689678,0.4374174232685656,0.2737063923781233,0.536063470466434,0.6101694915254238,0.32954545454545453,0.7764705882352941,0.006758483502669549,0.0015811092904760835,0.03399080664750104,80.0,35.0,91.0,0.942919958234339,0.8486655517109271,0.9760112895089694,0.0,0.0,0.056179775280898875,0.75200785,0.011253685,1.050287271,0.41638225255972694
deduplicated,SRP,0.0029910269192422734,293,7.489843814849868e-05,3.303240167887095e-05,0.00017756424122647723,0.4429935502954499,0.32119989964207324,0.5380459217488922,0.6216216216216216,0.3448275862068966,0.7777777777777778,0.006832751875797939,0.001605351170568562,0.034151421965836905,82.0,35.0,92.0,0.9446034501797892,0.8504113939364982,0.975397194083486,0.0,0.0,0.0,0.762697798,0.011249268,1.055385602,0.23890784982935154
deduplicated,SRP,0.009900990099009901,293,0.00011239468816682181,4.8551769402117453e-05,0.0002676541736631624,0.45271713283620313,0.34301982037245354,0.5417028529401532,0.6268656716417911,0.3492063492063492,0.7802197802197802,0.006878338456029364,0.0017284299291739698,0.03204839739285051,83.0,35.0,92.0,0.9423404258149968,0.8527955961525671,0.9741533758871443,0.0,0.0,0.0,0.756225252,0.011280675,1.042912027,0.12286689419795221
deduplicated,SRP,0.029126213592233007,293,0.0001543468910365105,6.470034060535662e-05,0.00044285589320004266,0.4537185830380151,0.34858564121542085,0.5443020005094881,0.631578947368421,0.3561643835616438,0.7878787878787878,0.006878338456029364,0.0017687872453866443,0.03249352239556571,83.0,35.0,92.0,0.9424699377549298,0.84874887865329,0.9760112895089694,0.0,0.0,0.0,0.76368879,0.011212693,1.038157003,0.04778156996587031
deduplicated,SRP,0.09090909090909091,293,0.00026959509442365945,9.870310467909927e-05,0.0007517116169703845,0.45517911275666373,0.3553133018249807,0.5450200366383616,0.640625,0.3586206896551724,0.7865168539325843,0.006893568582811611,0.00190808858057693,0.03198872701063322,82.0,35.0,91.0,0.9435461166137595,0.8503936988724083,0.976082965401257,0.0,0.0,0.0,0.75752796,0.011227605,1.058027335,0.006825938566552901
deduplicated,SRP,0.23076923076923075,293,0.00039623026398516377,0.00013497156856170063,0.0012060097064997579,0.45849892957477284,0.3554165308999959,0.5460722796754983,0.6405228758169934,0.3687150837988827,0.7857142857142857,0.007643747008922176,0.001790825578084491,0.0339978867226073,80.0,35.0,92.0,0.9453154937507511,0.8503936988724083,0.9764310032684758,0.0,0.0,0.0,0.764175131,0.011188997,1.061058737,0.0
deduplicated,SRP,0.5,293,0.0004901673258815858,0.00015127827291726254,0.0020906503117885385,0.4599770108570425,0.36187170674804403,0.5460722796754983,0.6408839779005525,0.375,0.7796610169491526,0.008375072801397787,0.0019530599789158297,0.03678279429853122,79.0,34.0,92.0,0.9473379055674183,0.8519420066485626,0.9767570020049103,0.0,0.0,0.0,0.75790237,0.011231741,1.041672867,0.0
deduplicated,SRP,0.75,293,0.0005950664371275493,0.00017915170785556947,0.002339615344843767,0.4599770108570425,0.3630259116300075,0.5460722796754983,0.6412213740458015,0.3669724770642202,0.7796610169491526,0.008609944099163224,0.0019671067039946383,0.03733791167516263,78.0,34.0,91.0,0.9475591008493144,0.8555512997128112,0.9768386347139904,0.0,0.0,0.0,0.760747209,0.011275137,1.042781733,0.0
deduplicated,SRP,0.9090909090909091,293,0.0006376643130271605,0.0001904700193948377,0.002869115075252493,0.4599770108570425,0.3630259116300075,0.5460722796754983,0.6408839779005525,0.3673469387755102,0.7796610169491526,0.008771976267801532,0.001984042523657671,0.03873205734334373,78.0,34.0,92.0,0.9479690944945296,0.8611722183049496,0.9768386347139904,0.0,0.0,0.0,0.754536103,0.011187835,1.055050186,0.0
deduplicated,SRP,1.0,293,0.000688072744701104,0.0001904700193948377,0.0029201257072869035,0.4599770108570425,0.3630259116300075,0.5460722796754983,0.6408839779005525,0.3586206896551724,0.78125,0.008771976267801532,0.001984042523657671,0.03873205734334373,78.0,34.0,92.0,0.9480500307720925,0.8643105052638168,0.9768386347139904,0.0,0.0,0.0,0.73901976,0.011189257,1.056842802,0.0
deduplicated,group_I_intron,0.0,47,1.879699363477784e-05,1.4655748564174889e-05,2.7891091208712476e-05,0.20538906308498228,0.06824029353704754,0.3449128517095214,0.5391304347826087,0.4165787623066104,0.6163198247535597,0.0036699802694308346,0.0011624408921641462,0.010811761086632628,72.0,60.5,78.5,0.9111838261185358,0.8199601484951067,0.9460165597378669,0.17721518987341772,0.08094572559981364,0.2879034130485256,0.613811294,0.3551021475,0.9165112824999999,0.9787234042553191
deduplicated,group_I_intron,9.999000099990002e-05,47,2.1163651817832145e-05,1.6474089182893108e-05,3.0390696648318112e-05,0.3125553782916155,0.18421196677427162,0.4265280168017622,0.5957446808510638,0.5038167938931297,0.671462063086104,0.003718755998627986,0.001172299866303072,0.010802745543132566,72.0,60.5,79.5,0.9193371502894612,0.8529083119509588,0.9504808100419397,0.07792207792207792,0.024562989752863168,0.15228070175438596,0.615199063,0.349453116,0.923537338,0.9361702127659575
deduplicated,group_I_intron,0.0002999100269919024,47,2.6395723650369774e-05,1.779425110671095e-05,3.555671188574572e-05,0.3380296082666019,0.2380207345296454,0.4304742478681493,0.5909090909090909,0.5166119021540708,0.7105932020850385,0.0037211161145568805,0.0012465235579911414,0.010827047935994516,73.0,62.5,81.0,0.9167302714116286,0.852828795360346,0.950265782276174,0.04938271604938271,0.01316017316017316,0.09307359307359307,0.629504854,0.3754782365,0.9186529185000001,0.9148936170212766
deduplicated,group_I_intron,0.0009990009990009992,47,3.915000940960601e-05,2.4736440825708532e-05,5.273555392425136e-05,0.36395007198567936,0.2684453282219108,0.4400480733466836,0.6111111111111112,0.5432926829268293,0.7189765813817818,0.003966568171161901,0.0012020383476042651,0.010997102609045604,75.0,63.0,83.0,0.9164597407253976,0.8501694125420363,0.9499621375995893,0.024691358024691357,0.012517602879048663,0.04492971887550201,0.613952158,0.3678868765,0.887487066,0.8936170212765957
deduplicated,group_I_intron,0.0029910269192422734,47,6.0316034971147746e-05,3.7587519706502095e-05,8.803854555219122e-05,0.3799055081414431,0.2865428703075805,0.4536889144207439,0.6229508196721312,0.5426659230340212,0.7307867024571546,0.003966568171161901,0.0012554783752229048,0.010688035613930492,76.0,64.0,82.5,0.9135981773666251,0.8530337145154248,0.9499329465257198,0.011904761904761904,0.0,0.01683644595359366,0.596464283,0.366819746,0.8968759525000001,0.574468085106383
deduplicated,group_I_intron,0.009900990099009901,47,0.00010962705191366643,6.982435282160815e-05,0.00014716903881210224,0.3836892029776886,0.3093080748757629,0.4586377065318532,0.6181818181818182,0.5513137210869077,0.7366597366597367,0.004226967628649919,0.0011111076874404783,0.010947730150774562,77.0,64.5,83.0,0.9135981773666251,0.8465566182321405,0.9499487724158314,0.0,0.0,0.006024096385542169,0.588979523,0.3584225585,0.8853776005,0.2553191489361702
deduplicated,group_I_intron,0.029126213592233007,47,0.0001851758373912219,0.0001014693386102089,0.0002947692644056141,0.38452491988022913,0.3225598854582117,0.46101185802472683,0.6238532110091743,0.5513137210869077,0.7390584132519616,0.004266302894131493,0.001203501053766333,0.010496048694670902,75.0,65.0,82.0,0.9164597407253976,0.8476773836563305,0.9499937893798126,0.0,0.0,0.0,0.579777669,0.3628473915,0.883109543,0.06382978723404255
deduplicated,group_I_intron,0.09090909090909091,47,0.00033033381317673795,0.00013253705493787294,0.000562631122990188,0.3874101463291294,0.32411197170401396,0.46101185802472683,0.6296296296296297,0.5513137210869077,0.7414918414918414,0.004426004071986683,0.0012874782032804236,0.009401753425506169,75.0,64.5,81.5,0.9164597407253976,0.8465566182321405,0.9506788367284613,0.0,0.0,0.0,0.551577596,0.3675579545,0.8644651805,0.02127659574468085
deduplicated,group_I_intron,0.23076923076923075,47,0.0004721206795106635,0.0001416837223064739,0.0010502614265467485,0.3888817024891563,0.3278331396509647,0.46101185802472683,0.6521739130434783,0.5521390374331551,0.7469512195121951,0.004146375787177323,0.0014047449388119798,0.010626440380049128,75.0,63.5,80.5,0.9143860607697468,0.851773617187745,0.9506788367284613,0.0,0.0,0.0,0.541065468,0.36652102200000003,0.8573923115,0.0
deduplicated,group_I_intron,0.5,47,0.0006115174642603423,0.0001608691879681904,0.002123827141283111,0.3899127135121965,0.32815156076647745,0.4613730054378262,0.6540880503144654,0.5526732432103276,0.7545148189752009,0.0035671123932790143,0.0017119195803418604,0.013605684923478325,73.0,64.5,79.5,0.9143860607697468,0.8668430981913546,0.951825242147626,0.0,0.0,0.0,0.558516146,0.36003774600000005,0.820422271,0.0
deduplicated,group_I_intron,0.75,47,0.0007244830564161817,0.0001608691879681904,0.0023466187607782815,0.3903832881641143,0.3285175724185069,0.46141451583453785,0.6540880503144654,0.5526732432103276,0.7616376223442349,0.004426004071986683,0.0018540110784907508,0.012100258250770664,72.0,64.0,78.5,0.9218084784417454,0.8681242670201121,0.952474212825611,0.0,0.0,0.0,0.548398558,0.353655557,0.8389503515000001,0.0
deduplicated,group_I_intron,0.9090909090909091,47,0.0007244830564161817,0.0001608691879681904,0.002709196972593303,0.3903832881641143,0.3285175724185069,0.46141451583453785,0.6540880503144654,0.5506922193337767,0.7563500662092211,0.004707121786767804,0.0018540110784907508,0.012100258250770664,72.0,64.5,78.5,0.9218084784417454,0.8681242670201121,0.952474212825611,0.0,0.0,0.0,0.53543847,0.3728677025,0.8335769785,0.0
deduplicated,group_I_intron,1.0,47,0.0007244830564161817,0.0001608691879681904,0.003070166590662047,0.3903832881641143,0.32866823518152377,0.46141451583453785,0.6540880503144654,0.5506922193337767,0.7563500662092211,0.004793747410233329,0.0018540110784907508,0.012100258250770664,72.0,64.5,78.5,0.9218084784417454,0.8678203336368999,0.952474212825611,0.0,0.0,0.0,0.52942216,0.36965477449999995,0.83006208,0.0
deduplicated,tRNA,0.0,6428,0.00017618207207889297,0.00012475878279338598,0.00023448423589304346,0.26536874138047895,0.08381058888077704,0.43811713991479356,0.5641025641025641,0.42105263157894735,0.7317073170731707,0.007960014809329877,0.0020882979565636887,0.03191988968599073,21.0,20.0,23.0,0.9234028825480751,0.7832191696774338,0.9720997658569215,0.13043478260869565,0.041249999999999995,0.2631578947368421,0.0030222110000000003,0.00274321875,0.003719811,0.7808027380211574
deduplicated,tRNA,9.999000099990002e-05,6428,0.00017707546376970724,0.000125658682575484,0.0002358396362621551,0.2890989863139024,0.10739534844748591,0.4612802857405497,0.5714285714285714,0.43478260869565216,0.7441860465116279,0.00796153548257856,0.0020768431983385254,0.03191988968599073,21.0,20.0,24.0,0.9256581356181747,0.8004448877748778,0.9723360407127379,0.1,0.0,0.25,0.002789878,0.0025205015000000002,0.0035719505,0.7188861232109521
deduplicated,tRNA,0.0002999100269919024,6428,0.00018171424630193962,0.00012898050823949246,0.00024158621948878808,0.31903257739658974,0.1349053891940457,0.4774471621846815,0.5789473684210527,0.4583333333333333,0.7619047619047619,0.007975698386229448,0.0020476748590165933,0.03197714851068008,21.0,20.0,24.0,0.9261046294322842,0.8155616070379582,0.9724307507278543,0.07692307692307693,0.0,0.21052631578947367,0.0027810535,0.0025103615,0.00374166675,0.6611698817672682
deduplicated,tRNA,0.0009990009990009992,6428,0.000199179020540174,0.00013825517449944646,0.00027036823959647157,0.36349888306268285,0.18858757146005076,0.492647942540046,0.6,0.4878048780487805,0.782608695652174,0.007990867579908675,0.001995898842457596,0.032015271259223065,22.0,20.0,24.0,0.9271236771161055,0.8247798238528462,0.9726045330599414,0.043478260869565216,0.0,0.13636363636363635,0.002779392,0.0025043225,0.00388281825,0.5412258867454884
deduplicated,tRNA,0.0029910269192422734,6428,0.0002410872379069832,0.00015748730233851617,0.00034866582225093743,0.3909688091202941,0.24037138177616296,0.5007904683556137,0.631578947368421,0.5106382978723404,0.8095238095238095,0.008050076605990403,0.0020181444387860955,0.03231809621732788,22.0,20.0,24.0,0.9253020684319635,0.8279921900014588,0.9722007195537004,0.0,0.0,0.05263157894736842,0.0027821655000000002,0.00250144,0.00392255575,0.38036714374611075
deduplicated,tRNA,0.009900990099009901,6428,0.0003241772882332509,0.00018569933155157173,0.0005401928662370908,0.4069985849831873,0.28181748942330953,0.505666220594946,0.6538461538461539,0.5142857142857142,0.8292682926829268,0.008073195896709458,0.0019364243597832945,0.03264223127236826,22.0,20.0,24.0,0.9205183024730014,0.8206656477388948,0.9707634445990104,0.0,0.0,0.0,0.002781891,0.00250084125,0.003970959,0.18917237087741132
deduplicated,tRNA,0.029126213592233007,6428,0.00045747454837112903,0.0002232409660686949,0.0008391690667403931,0.4158506444627941,0.29871408439660513,0.5093192175896509,0.6808510638297872,0.5217391304347826,0.8571428571428571,0.008120966750897195,0.0016969023818338886,0.03293666111238133,22.0,21.0,24.0,0.9180481502699562,0.8145519787180158,0.9701579824444315,0.0,0.0,0.0,0.0027834885000000004,0.00249964225,0.00396075975,0.07373988799004356
deduplicated,tRNA,0.09090909090909091,6428,0.0007035480008839133,0.00027370118210930214,0.0015291244241124593,0.4215818532882346,0.31220761275196435,0.5112665655437766,0.6938775510204082,0.5238095238095238,0.8695652173913043,0.008226335355649227,0.001371092155408061,0.033018873618112676,22.0,21.0,24.0,0.9196162301369966,0.8120594966413481,0.9700762021259287,0.0,0.0,0.0,0.002783062,0.0025006615,0.00394352025,0.013067828251400125
deduplicated,tRNA,0.23076923076923075,6428,0.0009875999261440556,0.0003151330553780717,0.0025691587602644254,0.42375945250483593,0.32089981915609506,0.5116953460251197,0.7083333333333334,0.5263157894736842,0.8785365853658537,0.007939428992060571,0.001348900185250613,0.03288088583281326,22.0,20.0,24.0,0.9225616504546964,0.8144526284257789,0.9711615794301384,0.0,0.0,0.0,0.0027783795,0.0024977315,0.0039204700000000006,0.0
deduplicated,tRNA,0.5,6428,0.0012366546876655617,0.00034382450568046376,0.004135610668619149,0.4248690531937721,0.32482699533378884,0.5120479054497145,0.7142857142857143,0.5306122448979592,0.8888888888888888,0.007974106217310512,0.0015366242891151664,0.03151174668028601,22.0,20.0,24.0,0.9253148974697156,0.8229957619336459,0.9731602842153384,0.0,0.0,0.0,0.0027782945000000003,0.00249682375,0.0039218905,0.0
deduplicated,tRNA,0.75,6428,0.0013603510113799895,0.0003646427504169672,0.005147298191819392,0.42496857350492406,0.3253260383831212,0.5121193872315314,0.721111111111111,0.5306122448979592,0.8888888888888888,0.008151954833877031,0.0016704729808108948,0.030259214469740784,22.0,20.0,24.0,0.92838612975473,0.8319789476714625,0.9742783408310184,0.0,0.0,0.0,0.0027727315000000002,0.0024982150000000002,0.0038649360000000002,0.0
deduplicated,tRNA,0.9090909090909091,6428,0.001422193600995309,0.0003681128952648143,0.005776931217518796,0.4250265703672249,0.32544967959741206,0.5121193872315314,0.723404255319149,0.5306122448979592,0.8837209302325582,0.008246209699754304,0.0017169414759776206,0.02996047049749325,22.0,20.0,24.0,0.9297505420085856,0.8364814504875878,0.9750324764381004,0.0,0.0,0.0,0.0027661555,0.0024937187500000003,0.00389483875,0.0
deduplicated,tRNA,1.0,6428,0.0014625219964821698,0.0003718760263018046,0.00607847332908891,0.4250265703672249,0.32544967959741206,0.5121193872315314,0.723404255319149,0.5303121248499401,0.8805882352941177,0.008355829798174572,0.0017422778002385108,0.02985938860159374,22.0,20.0,24.0,0.9303401129726547,0.837482460861332,0.9752539655533528,0.0,0.0,0.0,0.002763286,0.0024901027499999997,0.00389904575,0.0
deduplicated,tmRNA,0.0,8,1.5423357642202377e-05,1.3229471831531465e-05,1.7089958635592333e-05,0.21014150181964109,0.07169619266866084,0.23035312539892278,0.44883040935672514,0.3547585985900449,0.5151996370235935,0.014686333074685698,0.009296847790024234,0.03217800664666134,70.5,63.25,72.5,0.9077072318294425,0.8462370493250044,0.9607719026440082,0.1628992628992629,0.1388888888888889,0.28794813119755913,0.6395655835,0.4030676865,0.862254571,0.875
deduplicated,tmRNA,9.999000099990002e-05,8,1.8520303408752887e-05,1.3412369522132719e-05,1.9851797821217948e-05,0.26033699282858475,0.1770156055967258,0.2775516220434289,0.45760233918128657,0.37064516129032254,0.5326678765880217,0.014720495173482555,0.00929939358937027,0.0321108149211989,70.0,63.25,72.5,0.9095089238878853,0.8494205230212788,0.9607719026440082,0.10184275184275185,0.05555555555555555,0.1488235294117647,0.6302683675,0.40517405274999996,0.85093391475,0.875
deduplicated,tmRNA,0.0002999100269919024,8,2.6952424966204034e-05,1.4152247011180989e-05,2.8176527852328764e-05,0.27433650862855397,0.23503829449362756,0.31613073346213433,0.46982456140350876,0.38886433937251436,0.5326678765880217,0.014856415667584073,0.009349750632247883,0.032062709162243117,70.5,63.5,72.5,0.9090541269396554,0.8487574899665609,0.9607719026440082,0.047619047619047616,0.03125,0.126231884057971,0.6217233395,0.3967884275,0.842587153,0.75
deduplicated,tmRNA,0.0009990009990009992,8,3.3869726917462866e-05,1.85115755127942e-05,4.3613108623858705e-05,0.29388284740264115,0.25008698832071513,0.33683435120420363,0.4671052631578947,0.37605263157894736,0.5338672768878718,0.015128432250734385,0.009348865953236671,0.03197526728652967,71.0,65.0,72.25,0.9084958366689777,0.8554155609613322,0.9607719026440082,0.015419020715630885,0.010416666666666666,0.0762987012987013,0.619451721,0.4050379795,0.83985323625,0.75
deduplicated,tmRNA,0.0029910269192422734,8,6.319746504920059e-05,4.516433107372198e-05,7.692062055532365e-05,0.31586822480942245,0.27947911899534184,0.3424196669095402,0.47315515610217596,0.37033279220779225,0.5365683229813665,0.015285940075922062,0.009588274535188684,0.03182903662778852,70.0,67.5,72.25,0.902414755744968,0.8466122666959857,0.9618715885931959,0.0,0.0,0.025657894736842105,0.618074835,0.40083517324999995,0.83413355125,0.375
deduplicated,tmRNA,0.009900990099009901,8,0.00011078656223973401,6.927248635333366e-05,0.00012972747068117164,0.322554420011229,0.2880774083384326,0.3474649490574336,0.47514619883040937,0.37157287157287155,0.5557971014492754,0.014895414280309568,0.009055676747910772,0.03189634644049001,67.0,64.5,70.75,0.9023771622661556,0.8533831181271941,0.9710171415157874,0.0,0.0,0.0,0.6177901595,0.40632854225,0.824320154,0.125
deduplicated,tmRNA,0.029126213592233007,8,0.00020517429626890115,0.00014539647025230512,0.00036080478438451984,0.3311139586958716,0.2934782483773571,0.3548700915240276,0.4780701754385965,0.36782661782661785,0.5660377358490566,0.016602046567605895,0.009310406869944521,0.030276844117649988,66.0,63.25,69.75,0.9067716049895143,0.8476174490105954,0.9729040277254377,0.0,0.0,0.0,0.62337832,0.39907201324999997,0.8252858279999999,0.125
deduplicated,tmRNA,0.09090909090909091,8,0.0006067118604854544,0.00017349218492225288,0.0008661773944578285,0.33539330754098684,0.30013942496445195,0.36521060224836605,0.485999767630998,0.37605263157894736,0.5769230769230769,0.01777747078969276,0.006938824623827324,0.029796362089993006,64.5,61.25,68.25,0.9128902793923364,0.871980370529489,0.9745658317731668,0.0,0.0,0.0,0.6253701955000001,0.40573780175,0.82300598025,0.0
deduplicated,tmRNA,0.23076923076923075,8,0.0007382824808872098,0.00044923341047460754,0.0009846131109955646,0.33663155475313333,0.3004064503437706,0.37110122037497706,0.4940701944494612,0.38,0.5769230769230769,0.017062377215994053,0.006942476942562744,0.031973964722722015,63.5,61.0,68.0,0.9177931146936045,0.8817617211796893,0.9745658317731668,0.0,0.0,0.0,0.6316465605,0.3962691195,0.82309673775,0.0
deduplicated,tmRNA,0.5,8,0.0014836181631004773,0.0007439688039017139,0.0023770941755069225,0.338043629627713,0.3010961825578676,0.3713782374674082,0.4991726420297849,0.39018639119694587,0.5769230769230769,0.014860994420143346,0.0071361530819536775,0.028510483313316765,62.0,59.0,65.25,0.9182516479712226,0.8849521341846109,0.9745658317731668,0.0,0.0,0.0,0.625478729,0.40156514325000003,0.8228749995,0.0
deduplicated,tmRNA,0.75,8,0.002075574617176363,0.0007439688039017139,0.0030763402039981473,0.338043629627713,0.301601306212706,0.37157392984811477,0.49934589220303505,0.3929649407940562,0.5794812985179958,0.01402410468793717,0.0071361530819536775,0.025331671608794137,61.0,56.0,63.25,0.9183042149722935,0.8900480414484707,0.9745658317731668,0.0,0.0,0.0,0.6394011150000001,0.39684948975,0.82337763975,0.0
deduplicated,tmRNA,0.9090909090909091,8,0.002362807846590211,0.0007439688039017139,0.003943146680065933,0.338043629627713,0.3017177000585751,0.3716864452940579,0.49934589220303505,0.3929649407940562,0.5822250179726814,0.013548106171062443,0.0071361530819536775,0.025331671608794137,61.0,55.25,62.75,0.9193367040447356,0.896365345547192,0.9745658317731668,0.0,0.0,0.0,0.6302247114999999,0.4022561405,0.8234129702499999,0.0
deduplicated,tmRNA,1.0,8,0.002362807846590211,0.0007439688039017139,0.004684382559264896,0.338043629627713,0.3018405491936407,0.3716864452940579,0.49934589220303505,0.3944260746339159,0.5822250179726814,0.01600913986850373,0.0071361530819536775,0.026970591179195015,60.0,53.75,62.75,0.9197350254643777,0.9060327666210113,0.9745658317731668,0.0,0.0,0.0,0.63680722,0.397019551,0.8163927955,0.0
